ID,Age,Employment,Marital,Income,Gender,Hours
1004641,38,Private,Unmarried,81838,Female,72
1010229,35,Private,Absent,72099,Male,30
1024587,32,Private,Divorced,154676.74,Male,40
1038288,45,Private,Married,27743.82,Male,55
1044221,60,Private,Married,7568.23,Male,40
1047095,74,Private,Married,33144.4,Male,30
1047698,43,Private,Married,43391.17,Male,50
1053888,35,Private,Married,59906.65,Male,40
1061323,25,Private,Divorced,126888.91,Female,40
1062363,22,Private,Absent,52466.49,Female,37
1068642,48,Private,Divorced,291416.11,Female,35
1071615,60,Private,Widowed,24155.31,Male,40
1071878,21,Private,Absent,143254.86,Female,35
1077831,21,Private,Absent,120554.81,Male,40
1084870,50,Private,Married,34919.16,Male,40
1085176,37,Private,Divorced,67176.79,Male,35
1093662,30,Consultant,Divorced,9608.48,Male,40
1094029,32,Private,Married,12475.84,Male,40
1099084,65,SelfEmp,Married,32963.39,Male,40
1099829,28,Private,Married,31534.97,Male,55
1110947,40,PSLocal,Divorced,182165.08,Female,40
1113899,41,PSState,Divorced,70603.7,Male,40
1126025,30,Private,Absent,88125.97,Male,30
1129687,38,Private,Married,8670.9,Male,40
1133761,23,Private,Unmarried,260405.44,Male,35
1135666,42,PSState,Absent,66139.36,Female,40
1139749,26,Private,Absent,73751.48,Female,40
1141887,32,Consultant,Married,1428.27,Male,60
1142177,49,PSFederal,Married,15345.33,Male,40
1142367,26,Private,Married,48114.39,Male,40
1142837,28,Private,Married,33493.89,Male,40
1145025,41,PSFederal,Married,54653.36,Male,24
1146358,46,Private,Absent,229077.27,Female,24
1147562,42,Private,Absent,59201.06,Female,40
1151685,39,Private,Divorced,31036.73,Female,40
1153241,50,Private,Absent,187250.07,Female,40
1155672,47,PSLocal,Absent,161837.75,Female,40
1157546,24,Private,Unmarried,193135.59,Male,40
1158519,45,Private,Married,26717.49,Male,40
1169595,40,PSFederal,Absent,99748.58,Female,40
1172381,51,SelfEmp,Married,13612.07,Male,40
1172752,77,Private,Married,39950.92,Male,25
1177328,35,Private,Married,44130.45,Male,45
1178076,39,Private,Divorced,78516.3,Male,50
1197102,39,PSState,Absent,92268.68,Female,40
1199127,63,SelfEmp,Married,9092.19,Male,40
1205484,64,Private,Widowed,148865.82,Female,38
1210411,39,Private,Married,21190.02,Male,40
1211118,66,Private,Married-spouse-absent,139087.01,Female,40
1212771,18,Unemployed,Absent,148836.93,Female,10
1216471,42,PSLocal,Married,48422.28,Male,45
1218427,31,PSLocal,Absent,67012.13,Female,40
1222601,31,Private,Married,6333,Male,45
1226867,45,Private,Absent,44102.23,Male,40
1230404,19,PSLocal,Absent,97937.09,Female,35
1233450,32,Private,Married,14657.59,Male,40
1254408,27,Private,Absent,89775.14,Male,40
1258702,25,Private,Married,56417.35,Male,30
1259473,21,Private,Absent,43362.93,Male,65
1264690,33,Consultant,Absent,214238.62,Male,70
1264939,43,NA,Absent,61192.65,Female,40
1267022,31,Private,Absent,83143.19,Male,38
1272722,56,PSFederal,Divorced,37078.8,Male,40
1273089,62,Volunteer,Married,51230.5,Male,50
1276387,28,Private,Absent,166953.87,Male,60
1276913,39,Private,Married,28907.41,Male,40
1282955,61,PSLocal,Absent,5138.14,Female,25
1287816,32,Private,Absent,82182.54,Female,50
1288612,48,PSState,Married,45239,Male,40
1288870,27,Private,Married,25990.54,Male,40
1292427,20,Private,Absent,104396.02,Male,50
1293079,37,Private,Absent,83414.55,Male,40
1298943,43,Private,Married,32684.53,Male,38
1301028,47,Consultant,Married,61231.06,Male,40
1310818,33,Private,Absent,32550.53,Male,40
1312365,64,Private,Married,61592.42,Male,40
1312435,44,Private,Married,37662.02,Male,50
1314358,23,Private,Absent,100335.51,Female,35
1315432,22,Private,Absent,342939.73,Female,35
1318398,49,PSLocal,Married,30098.58,Male,50
1322745,28,PSFederal,Absent,150516.9,Female,70
1325704,36,Private,Divorced,43380.64,Male,50
1347511,22,Private,Absent,24584.08,Female,15
1365727,29,Private,Married,25402.11,Male,55
1367013,26,Private,Absent,151462.25,Male,20
1367887,44,Private,Married,29461.26,Male,40
1382647,26,Private,Absent,38142.98,Female,8
1383516,28,Private,Absent,76539.28,Female,60
1391108,19,Private,Absent,71627.78,Female,25
1394083,45,Consultant,Married,38599.89,Male,50
1398239,35,Private,Divorced,9034.01,Female,35
1398832,42,Private,Married,22787.48,Male,30
1400557,58,PSState,Married,33252.79,Male,40
1401108,55,Private,Married,39087.51,Male,40
1434262,25,Private,Absent,174812.5,Male,28
1440111,78,SelfEmp,Married,39472.73,Male,45
1454004,53,PSLocal,Married,56065.12,Male,60
1455874,34,Private,Married,35910.03,Male,40
1457685,28,Private,Married,37249.5,Male,40
1467638,50,Private,Married,47011.78,Male,48
1467797,47,Consultant,Married,203798.03,Female,35
1471496,61,SelfEmp,Widowed,92158.43,Female,99
1472475,45,Consultant,Absent,91088.9,Male,30
1474194,33,Private,Married,34078.48,Male,40
1474221,39,Private,Married,27397.18,Male,50
1488053,60,Private,Divorced,86618.25,Male,44
1493406,43,Private,Married,27604.3,Male,40
1495310,35,Private,Absent,60272.71,Male,40
1495484,22,Private,Absent,54640.91,Male,84
1502038,63,Private,Married,32562.24,Male,45
1502111,64,Private,Widowed,73525.6,Female,3
1505676,54,Private,Married,27254.75,Male,45
1509085,57,Private,Widowed,81343.45,Female,40
1515465,45,Private,Divorced,125370.21,Female,40
1518173,33,Private,Married,129091.19,Female,40
1524841,25,Private,Absent,177873.59,Male,40
1530194,29,Private,Absent,64358.33,Male,50
1531306,46,Private,Married,41442.67,Male,40
1534678,46,Private,Absent,80318.75,Female,33
1541756,22,Private,Absent,70541.91,Female,35
1545759,36,Private,Married,37634.41,Male,60
1545762,30,Private,Married,53662.74,Male,40
1548067,28,Private,Absent,156434.13,Male,30
1548224,21,PSState,Absent,19720.37,Female,10
1551622,63,Consultant,Married,17461.25,Male,35
1557461,32,Private,Absent,103733.33,Male,50
1579205,32,PSLocal,Married,163587.6,Female,35
1585271,22,Private,Absent,94412.83,Female,40
1588605,22,Private,Absent,223592.88,Male,35
1597428,40,Private,Married,49546.92,Male,40
1598679,31,Private,Married,22086.63,Male,40
1600316,33,Private,Married-spouse-absent,198418.74,Male,40
1608800,23,Private,Divorced,115237.91,Female,40
1611099,59,Consultant,Widowed,126304,Female,50
1612385,35,Private,Married,64517.85,Male,50
1624617,39,Private,Married,263252.35,Female,25
1637260,40,Consultant,Married,34674.28,Male,50
1639863,23,Private,Absent,50797.42,Male,40
1641472,45,Private,Absent,123634.05,Male,40
1641476,17,Private,Absent,130301.1,Male,22
1647650,59,Private,Widowed,53968.46,Female,10
1648985,37,Private,Divorced,66341.59,Male,40
1654599,27,Private,Married,13567.01,Male,40
1667037,82,Private,Widowed,252435.63,Male,20
1670669,30,Private,Married,35880.85,Male,60
1679323,23,Private,Absent,106057.24,Male,30
1681753,30,Private,Married,50241.5,Male,40
1688602,43,Private,Divorced,175224.4,Female,45
1690774,33,Private,Married,9371.51,Male,40
1699810,28,Private,Married,35189.05,Male,55
1706370,37,Private,Absent,98176.24,Female,40
1709319,39,Private,Married,22030.33,Male,45
1711915,62,PSState,Divorced,77664.69,Male,40
1718282,41,Private,Married,18754.25,Male,40
1718309,44,PSLocal,Divorced,243076.64,Female,60
1722201,43,Private,Divorced,43002.61,Female,40
1722542,29,Private,Absent,88981.36,Female,40
1723024,42,Private,Married,66952.28,Male,40
1731662,40,Private,Married,144187.19,Female,40
1742535,29,PSFederal,Married,54390.65,Male,40
1747347,55,PSFederal,Married,45804.12,Male,40
1761439,45,PSLocal,Divorced,133907.33,Female,40
1767024,30,Private,Married,56622.85,Male,50
1770057,34,Private,Married,4524.86,Male,40
1777740,46,Private,Married,32944.03,Male,45
1782051,54,PSState,Absent,71715.5,Female,50
1782989,19,Private,Absent,93070,Female,30
1787841,37,Private,Married,30353.77,Male,60
1792615,61,Private,Divorced,184682.08,Female,40
1796280,50,Private,Married,16026.5,Male,40
1797150,70,Private,Married,72715.96,Male,40
1797445,51,Private,Unmarried,70442.44,Male,40
1807406,56,Private,Married,49237.33,Male,26
1808117,18,Private,Absent,52489.11,Female,25
1819322,21,Private,Absent,82725.18,Female,30
1823237,65,Private,Widowed,115548.72,Female,20
1824560,24,Private,Absent,113979.53,Female,35
1827120,35,SelfEmp,Unmarried,42736.77,Female,50
1833635,32,Private,Absent,96488.54,Male,72
1834675,42,Private,Married-spouse-absent,97187.73,Male,60
1838203,34,Private,Married,35573.04,Male,45
1839135,53,Private,Married,30301.98,Male,60
1841487,30,Private,Married,21551.74,Female,24
1845737,28,Private,Divorced,73730.39,Male,40
1851537,36,Private,Absent,22529.54,Female,38
1860764,44,Consultant,Married,45104.93,Male,50
1861969,34,Private,Absent,70635.85,Female,40
1866077,52,Private,Divorced,2382.43,Male,40
1872825,36,Private,Married,34268.18,Male,40
1875875,32,PSFederal,Absent,112250.05,Female,32
1877898,73,SelfEmp,Married,20608.32,Male,50
1880936,54,PSLocal,Divorced,95784.2,Female,40
1892697,22,PSLocal,Absent,72111.64,Female,55
1906994,45,Private,Married,37605.81,Male,40
1940825,34,Private,Absent,110412.9,Male,40
1943338,53,PSLocal,Absent,123739.96,Female,35
1947669,30,Private,Married,28988.26,Male,40
1950125,40,PSLocal,Divorced,296284.55,Female,40
1956654,25,Private,Absent,74001.2,Male,45
1965508,60,SelfEmp,Married,235662.8,Female,15
1967691,38,Private,Divorced,68357.88,Female,40
1970671,23,Private,Absent,48397.69,Male,25
1972687,31,Private,Married,37051.71,Male,40
1976104,23,Private,Married,47123.24,Male,40
1980500,74,Consultant,Married-spouse-absent,40643.16,Male,25
1983846,19,Private,Absent,20263.3,Female,30
1985107,39,Private,Absent,57245.29,Male,45
1985953,29,Private,Absent,113713.14,Male,30
1992467,43,Private,Married,26718.94,Male,50
1995711,26,PSLocal,Absent,80090.43,Female,40
1996140,19,Private,Absent,71065.53,Male,56
1997523,40,SelfEmp,Married,30140.84,Male,60
2000211,57,Private,Widowed,55758.54,Female,36
2011832,40,Private,Divorced,63728.57,Male,40
2012035,29,Private,Married,32079.84,Male,20
2016936,36,PSFederal,Absent,154637.16,Female,36
2023005,57,SelfEmp,Married,3392.03,Male,40
2025734,19,Private,Absent,78338.21,Male,20
2027200,20,Private,Absent,177097.76,Male,40
2027449,48,Private,Widowed,116242.34,Female,16
2033495,18,Private,Absent,76092.27,Male,36
2042579,50,Private,Married,33450.41,Male,60
2044175,72,NA,Married,15651.39,Male,8
2049462,58,Private,Married,37168.49,Male,40
2062685,40,Private,Married,39443.33,Male,40
2064390,35,Private,Married,38106.16,Male,40
2065595,22,NA,Divorced,81137.85,Female,40
2070773,23,Private,Absent,106275.4,Male,40
2077101,41,Private,Married,12651.15,Male,42
2094476,18,Private,Absent,209114.75,Female,30
2101387,42,Consultant,Absent,74757.49,Female,45
2102127,54,Consultant,Married,29282.08,Male,30
2102378,44,Consultant,Married,22917.76,Male,40
2109381,44,Private,Married,35956.04,Male,41
2109898,51,Private,Married,42628.43,Male,48
2114154,38,PSState,Absent,59178.12,Male,40
2114608,41,Private,Divorced,10747.59,Female,48
2129840,33,Consultant,Married,72286.49,Male,60
2134046,21,Private,Absent,162103.43,Male,40
2134599,37,Consultant,Married,41964.4,Male,40
2134665,41,Private,Married,192398.74,Male,40
2137895,49,SelfEmp,Married,189129.57,Female,65
2143793,39,Private,Absent,89935.48,Male,40
2160461,24,Private,Divorced,55642.17,Male,40
2161054,65,PSState,Married,49027.46,Male,40
2179519,55,Private,Married,29965.82,Male,45
2194621,34,Private,Married-spouse-absent,81462.83,Female,25
2204629,33,Private,Married,27593.68,Male,40
2206284,30,Private,Married,29380.77,Male,40
2206428,51,Private,Married,20300.74,Male,50
2214801,50,Private,Divorced,133620.15,Female,36
2215657,29,Private,Absent,86241.61,Female,40
2242093,36,Private,Married,7377.51,Male,50
2242654,45,PSLocal,Divorced,25419.27,Male,40
2243150,45,Consultant,Married,11373.45,Male,50
2243772,40,Private,Absent,166702.86,Female,40
2245751,27,Private,Married,59321.84,Male,50
2254279,20,PSLocal,Absent,171960.33,Male,40
2288670,30,Private,Divorced,107142.62,Male,40
2293213,47,PSState,Married,146328.63,Female,40
2298185,18,NA,Absent,258160.48,Male,16
2298621,41,Private,Divorced,59474.99,Female,55
2300606,26,PSLocal,Absent,64037.85,Male,42
2305277,45,Consultant,Married,24800.44,Male,40
2314294,39,Private,Absent,75918.15,Male,50
2323070,55,Private,Married,35359,Male,40
2326052,46,Private,Divorced,126466.42,Female,40
2336844,27,Private,Married,27989.97,Male,40
2345121,51,Private,Absent,75170.57,Female,12
2350330,25,PSLocal,Absent,179015.01,Male,16
2350883,37,PSFederal,Married,21520.56,Male,40
2361729,44,Private,Unmarried,80553.73,Male,45
2361855,27,Private,Married,199104.55,Female,25
2364781,63,Private,Widowed,155241.01,Female,40
2369739,21,Private,Absent,39249.37,Male,30
2371361,41,PSLocal,Married,27621.04,Male,40
2371954,38,Private,Married,55660.1,Male,40
2382668,44,Consultant,Divorced,192599.61,Male,40
2383312,22,NA,Absent,92014.13,Male,40
2387868,52,Private,Married,38175.16,Male,50
2392506,51,PSLocal,Married,50305.81,Male,40
2394361,67,PSState,Married,15898.03,Male,12
2403809,58,Private,Married,49228.83,Male,40
2405630,52,SelfEmp,Married,41019.67,Male,55
2411282,42,Private,Absent,105677.14,Male,36
2413489,41,Private,Married,39795.37,Male,50
2415457,21,NA,Absent,150958.41,Male,30
2416521,53,PSState,Married,14646.62,Male,40
2424026,40,Private,Married,385067.54,Female,40
2426379,41,Private,Married,25307.22,Male,40
2430330,60,Consultant,Married,36145.47,Male,45
2434068,39,Private,Married,32080.22,Male,40
2445821,29,Private,Divorced,80201.6,Female,36
2452832,29,Private,Absent,152961.87,Female,40
2464767,28,Consultant,Absent,88287.76,Male,50
2467157,75,NA,Widowed,126406.52,Female,1
2470323,40,Private,Divorced,55147.82,Female,40
2470481,21,Private,Absent,104110.16,Male,40
2474583,31,Private,Absent,609.72,Male,40
2476679,23,PSLocal,Absent,27390.28,Male,40
2478789,54,Private,Married,29811.43,Male,60
2491453,23,Private,Absent,36254.32,Male,40
2497345,18,NA,Absent,175051.39,Male,20
2497561,29,Private,Married,67901.35,Male,40
2497708,20,PSLocal,Absent,126038.65,Male,25
2500488,37,Private,Divorced,53249.24,Male,50
2507928,28,Private,Absent,57135.48,Female,45
2511963,65,Consultant,Married,29100.18,Male,10
2514591,37,PSLocal,Married-spouse-absent,147993.31,Female,27
2514943,21,Private,Absent,70275.91,Female,30
2515064,51,Private,Married,22770.44,Male,40
2519287,54,Private,Married,66433.01,Male,40
2520820,46,Private,Divorced,47070.57,Female,40
2525379,35,Private,Absent,279599.42,Female,48
2533797,43,PSState,Married,15762.95,Male,40
2549383,32,Consultant,Unmarried,93671.92,Female,40
2551914,64,Private,Widowed,73486.06,Female,30
2556296,46,PSFederal,Divorced,111422.53,Female,40
2559947,29,Private,Married,329171.43,Female,18
2566804,27,Private,Absent,104372.79,Male,35
2567163,50,Private,Divorced,145031.73,Female,40
2571658,50,Private,Married,26158.2,Male,43
2578547,45,Private,Married,59534.87,Male,40
2584205,39,Private,Absent,85565.16,Female,10
2586533,40,Private,Divorced,128629.84,Male,45
2597744,26,Private,Absent,199628.02,Male,40
2601767,27,Private,Married,27932.75,Male,60
2610672,53,NA,Widowed,82391.47,Female,30
2611065,41,PSLocal,Divorced,108760.33,Female,38
2613647,29,Private,Married,30838.37,Male,45
2623338,35,NA,Divorced,84371.66,Female,36
2628569,32,Private,Absent,229452.89,Male,40
2628576,60,PSState,Married,25719.5,Male,38
2633964,38,Private,Married,11525.85,Male,40
2638182,25,PSLocal,Absent,104146.06,Male,40
2652430,41,Consultant,Divorced,126239.52,Male,40
2652767,26,Private,Married,13790.85,Male,58
2665367,23,Private,Absent,33182.37,Female,36
2679815,24,Private,Absent,73809.11,Male,40
2684076,33,PSLocal,Absent,49859.42,Female,46
2686697,27,Private,Married,25889.7,Male,39
2689411,36,Private,Absent,96900.94,Female,40
2689854,50,SelfEmp,Married,22536.37,Male,40
2693858,29,Private,Married,53693.92,Male,45
2694328,45,PSState,Divorced,161281.24,Female,40
2696752,47,PSFederal,Absent,38932.19,Female,40
2698881,41,PSLocal,Divorced,189299.57,Female,60
2700450,31,Private,Divorced,100095.95,Female,50
2701455,39,Private,Married,136378.92,Female,34
2714780,66,Consultant,Married,25973.47,Male,25
2718332,39,Private,Married,15275.18,Male,25
2727224,44,Private,Married,53626.14,Male,40
2735082,22,Private,Absent,249741.88,Female,15
2744996,43,PSFederal,Married,21737.96,Male,40
2755909,21,NA,Absent,119656.67,Male,48
2758873,34,Private,Absent,59338.83,Male,40
2764229,22,Private,Married,35751.45,Male,40
2765799,22,Private,Absent,41992.73,Female,9
2765855,41,Private,Married,46673.22,Male,50
2766274,32,Private,Divorced,176806.47,Female,40
2768759,24,Private,Absent,101594.16,Male,40
2773758,45,Private,Married,39403.87,Male,40
2777759,56,Private,Married,35545.48,Male,40
2787203,53,Consultant,Married,32036.42,Male,85
2792504,27,Consultant,Absent,72408.32,Male,30
2794283,32,Private,Absent,85652.5,Male,45
2798007,31,Consultant,Divorced,122380.38,Male,60
2805784,39,Private,Married,35689.37,Male,40
2842832,54,Private,Married,60708.32,Male,40
2848462,32,Private,Divorced,115759.45,Female,40
2858446,51,Consultant,Widowed,38448.49,Female,40
2861412,50,Private,Married-spouse-absent,245512.73,Female,40
2876748,29,Private,Married,16596.93,Male,40
2882883,41,Private,Absent,76867.5,Male,40
2884161,31,Private,Absent,266708.54,Male,45
2889800,34,Private,Absent,65181.4,Male,55
2894143,30,Private,Married,50564.31,Male,40
2899030,26,Private,Absent,198605.08,Female,15
2917228,64,Private,Married,29018.13,Male,16
2926326,46,Private,Absent,104411.29,Male,60
2928328,27,Private,Married,29372.19,Male,40
2933720,37,Private,Married,16834.5,Male,40
2935621,34,Private,Unmarried,69650.32,Male,40
2935747,50,PSLocal,Divorced,54815.01,Female,30
2946407,45,Private,Married,273024.98,Female,40
2946966,39,NA,Married,24090.81,Male,40
2948009,46,Private,Divorced,87517.4,Female,25
2953581,45,Consultant,Married,45021.81,Male,40
2961216,33,PSLocal,Absent,83998.37,Male,56
2962167,27,Private,Absent,119648.25,Male,40
2967442,26,Private,Absent,302473.86,Female,40
2970530,22,Private,Absent,151717.77,Female,19
2982830,45,PSLocal,Unmarried,191903.12,Female,40
2983570,29,Private,Married,37179.24,Male,50
2986567,23,Private,Absent,190071.74,Male,40
2994003,17,Private,Absent,109648.83,Male,17
2994154,47,Private,Married,43274.45,Male,40
2998044,28,Private,Married,107861.57,Male,60
3000511,61,Private,Married,163175.67,Female,38
3003868,31,Private,Divorced,105269.72,Male,45
3015932,20,NA,Absent,156892.82,Male,36
3025458,74,NA,Widowed,43529.53,Female,10
3038204,54,PSState,Married-spouse-absent,51958.85,Female,40
3042526,42,Private,Married,58980.99,Male,40
3042979,28,Private,Absent,73107.98,Male,18
3048381,21,Private,Absent,243764.23,Male,40
3055651,33,Private,Married,48116.66,Male,40
3062848,31,Private,Divorced,100775.05,Male,40
3063306,22,Private,Absent,91874.24,Male,40
3065252,52,Private,Unmarried,240485.92,Female,35
3069841,37,Private,Married,24992.3,Male,45
3073599,65,Private,Absent,26076.22,Male,40
3075529,28,Private,Absent,9541.93,Female,40
3076714,30,Private,Widowed,140930.86,Female,40
3082739,47,Private,Divorced,107450.83,Female,40
3100638,34,Private,Divorced,87586.93,Female,40
3101612,57,PSLocal,Married,21467.02,Male,14
3104234,57,Private,Married,54815.51,Male,40
3105282,53,Private,Divorced,63446.23,Female,35
3110509,46,PSState,Divorced,288055.96,Female,38
3118935,51,Private,Divorced,47116.54,Female,43
3122222,40,PSLocal,Absent,148301.11,Male,40
3122646,55,Private,Married,24720.46,Male,40
3124391,50,SelfEmp,Married,4930.3,Male,50
3129223,42,Private,Married,195744.31,Female,23
3130873,42,PSLocal,Married,43027.27,Male,40
3132820,31,Private,Married,39068.04,Male,40
3137083,25,Private,Married,174325.46,Male,40
3138731,34,Private,Married,30033.75,Male,40
3168041,25,SelfEmp,Absent,67669.6,Female,35
3168121,65,Consultant,Married,50845.62,Male,24
3170731,47,Private,Absent,208195.84,Female,50
3172159,29,Consultant,Married,32418.68,Male,45
3173088,41,PSState,Married,2584.53,Male,40
3177459,49,SelfEmp,Divorced,32375.78,Female,40
3182225,22,Private,Absent,79019.51,Male,60
3182899,42,Private,Married,46796.14,Male,40
3187251,36,Private,Married,14220.59,Male,55
3187630,36,Private,Married,68166.53,Male,40
3193027,62,Consultant,Divorced,63454.72,Female,40
3199551,44,NA,Unmarried,81371.85,Female,36
3208046,24,Private,Absent,47378.48,Male,40
3209777,46,PSLocal,Married,18752.31,Male,30
3218180,46,Private,Married,23064.1,Male,35
3229647,52,Private,Married,43220.42,Male,45
3238626,27,Private,Married,12631.84,Male,40
3245360,40,Private,Divorced,242928.15,Male,40
3247777,43,Consultant,Married,19833.16,Male,60
3254289,41,SelfEmp,Divorced,79424.23,Male,50
3258067,43,Private,Divorced,138108.83,Female,45
3260059,63,SelfEmp,Married,19430.35,Male,40
3260881,38,Private,Divorced,40362.23,Male,50
3261701,57,Private,Married,12951.57,Male,40
3262872,19,Private,Absent,335039.49,Male,30
3264686,25,Private,Married,30693.55,Male,45
3268229,31,Private,Married,21015.93,Male,55
3274547,40,Private,Absent,82953.38,Female,40
3281036,31,Private,Absent,174501.6,Male,35
3281334,46,Private,Married,34962.4,Male,40
3284840,27,Private,Married,34754.32,Male,42
3286063,31,Private,Married,39564.87,Male,40
3286778,17,Private,Absent,134913.32,Female,15
3286874,58,PSLocal,Married,33730.79,Male,40
3290630,34,Private,Married,52706.14,Male,40
3293552,40,Private,Unmarried,48091.99,Male,40
3295173,34,Private,Absent,141339.71,Male,40
3303742,47,Private,Absent,16724.7,Male,33
3303894,26,Private,Absent,195172.56,Male,30
3306149,48,Private,Married,24127.47,Male,40
3318958,39,Private,Absent,217537.77,Female,40
3320224,56,SelfEmp,Married,50564.64,Male,99
3328158,33,Consultant,Absent,69232.77,Female,40
3329759,35,Consultant,Married,55981.64,Male,60
3331706,33,PSLocal,Married,36228.26,Male,70
3334605,35,Private,Married,56791.05,Male,47
3337130,33,Private,Absent,71402.76,Female,28
3337202,56,Private,Married,42603.57,Male,40
3343487,45,Consultant,Divorced,107961.84,Male,50
3344699,66,Private,Married,33987.22,Male,15
3348657,46,PSState,Married,48807.28,Male,43
3350187,23,Private,Absent,92970.53,Male,30
3350526,40,Private,Divorced,112480.86,Male,40
3365008,21,Private,Absent,184072.28,Female,40
3365455,46,Private,Divorced,56889.59,Female,40
3375669,37,Private,Absent,19157.04,Male,38
3377279,58,SelfEmp,Married,36607.19,Male,40
3379095,43,Private,Divorced,66707.56,Female,40
3379122,28,Private,Married,81967.31,Female,15
3381305,40,Private,Absent,116076.42,Female,45
3386761,67,NA,Married,262911.83,Female,5
3390698,19,Private,Absent,183653.58,Male,35
3392247,68,Private,Married,40478.75,Male,44
3399879,43,SelfEmp,Married,48852.77,Male,40
3406334,31,Consultant,Married,59999.6,Male,40
3408103,33,PSState,Married,28571.83,Male,50
3410067,50,Private,Married,59745.14,Male,40
3416897,54,Private,Absent,129388.23,Female,20
3420408,57,Consultant,Married,53313.24,Male,1
3428965,18,Private,Absent,113834.61,Female,20
3433750,34,Private,Married,57302.55,Male,40
3438153,37,Private,Married,26674.21,Male,40
3438433,49,PSState,Married,38082.1,Male,45
3465197,41,Private,Married,46992.2,Male,40
3468884,38,Private,Divorced,94304.23,Female,40
3474349,35,Private,Married,22528.23,Male,45
3484201,35,Private,Married,42134.13,Male,40
3499406,41,Private,Absent,176293.81,Female,40
3504059,56,Private,Married,17996.83,Male,40
3504293,30,Private,Absent,122219.74,Female,40
3506810,19,Private,Absent,222208.64,Male,40
3507780,32,Private,Married,66145.39,Male,50
3508315,37,Private,Married,38208.31,Male,50
3513078,44,SelfEmp,Married,30138.02,Male,58
3515442,44,PSFederal,Married,48292.14,Male,48
3525618,26,Private,Absent,67468.36,Male,30
3536933,40,Private,Divorced,136995.17,Female,20
3537551,41,SelfEmp,Married,7933.4,Male,40
3543518,30,Private,Married,42654.08,Male,40
3547190,24,PSFederal,Absent,60796.94,Male,45
3551522,25,Private,Absent,59720.41,Male,30
3551532,25,Private,Absent,36729.36,Female,40
3554427,24,Private,Divorced,117086.88,Female,40
3557118,42,Private,Married,33975.92,Male,50
3566985,18,Private,Absent,109846.82,Female,20
3570983,32,Consultant,Married,89398.02,Female,5
3581514,34,Private,Divorced,147538.87,Female,35
3589428,24,Private,Married,166052.52,Female,45
3593313,39,Private,Divorced,70847.77,Male,70
3598597,32,Private,Divorced,91745.36,Female,30
3605760,27,Private,Absent,44527.23,Female,40
3609988,25,Private,Married,177114.9,Female,56
3611698,17,Private,Absent,115060.52,Female,20
3613313,43,Private,Widowed,51288.14,Female,60
3630600,59,Private,Absent,154292.88,Female,34
3634964,23,Private,Absent,88744.88,Male,40
3643955,48,NA,Married,27415.4,Male,40
3647630,46,PSLocal,Absent,62609.31,Female,40
3650188,45,Private,Married,40475.97,Male,50
3656868,35,Consultant,Married,24147.69,Male,50
3663663,38,Private,Married,7147.78,Male,40
3665288,25,Private,Absent,189962.59,Male,40
3665576,55,Private,Married-spouse-absent,164211.16,Female,55
3666173,22,Private,Absent,110504.79,Male,24
3673140,44,Private,Married,33651.43,Male,45
3673630,62,PSLocal,Married,40079.48,Male,40
3677227,27,SelfEmp,Absent,229417.24,Female,40
3683760,35,Private,Married,314194.62,Female,40
3690282,59,PSLocal,Married,25218.36,Male,40
3690485,30,Private,Divorced,217277.34,Female,40
3692149,39,Private,Absent,197192.92,Female,40
3707909,59,PSLocal,Married,11008.39,Male,50
3711802,18,Private,Absent,33332.11,Male,5
3715441,22,Private,Absent,106734.77,Female,36
3716445,51,Private,Unmarried,162093.26,Female,40
3718723,66,Private,Widowed,96057.04,Female,40
3728183,49,PSState,Divorced,217874.98,Female,40
3729397,32,Private,Absent,66932.76,Male,40
3732203,34,Private,Divorced,299877.32,Female,30
3732616,33,Private,Married,48288.7,Male,40
3737260,73,PSLocal,Married,48618.95,Male,20
3737931,34,Private,Married,45718.23,Male,40
3738306,41,Private,Married,49161.35,Male,40
3739921,50,PSLocal,Married,41471.41,Male,44
3745285,35,Private,Absent,27632.54,Female,65
3749148,31,Private,Absent,81517.56,Female,40
3756876,66,NA,Married,58054.74,Male,40
3760426,55,Private,Married,53577.25,Male,40
3760730,33,Private,Divorced,61991.92,Female,65
3760876,40,PSFederal,Married,19944.35,Male,40
3768487,50,SelfEmp,Married,38682.78,Male,70
3768899,71,Private,Absent,96478.26,Female,14
3769829,65,Consultant,Married,47063.94,Male,45
3773994,36,Consultant,Unmarried,96768.75,Female,16
3776226,49,Private,Married,49389.22,Male,40
3784512,41,Private,Married,35261.18,Male,40
3789693,35,Private,Married,30242.65,Male,50
3797544,51,Private,Married,65007.68,Male,50
3799735,83,Private,Widowed,65460.8,Male,55
3813044,74,Consultant,Married,49297.77,Male,35
3814145,66,Private,Widowed,60987.96,Female,25
3815398,58,SelfEmp,Divorced,62300.23,Male,56
3816126,46,PSLocal,Married,68490.06,Male,40
3825160,43,Private,Married,42120.31,Male,45
3828470,41,Private,Married,32833.32,Male,40
3834978,32,Private,Married,16792.08,Male,60
3835253,28,Private,Married,481259.5,Female,40
3838839,40,Private,Unmarried,146014.32,Male,36
3843522,27,Private,Absent,46349.41,Female,50
3849256,48,PSFederal,Divorced,51903.79,Male,45
3860630,38,PSLocal,Married,25752.21,Male,40
3868402,42,PSLocal,Absent,20216.99,Female,40
3868667,21,Private,Absent,106813.49,Male,32
3878358,25,Private,Absent,169922,Female,40
3879389,47,Private,Divorced,196408.98,Female,40
3879597,46,Private,Married,46716.6,Male,40
3880157,35,Private,Divorced,284810.56,Female,40
3883555,46,Private,Divorced,121294.18,Male,40
3887128,25,Private,Absent,69059.63,Male,50
3889233,37,PSFederal,Married,25092.81,Male,40
3891021,20,Private,Absent,128364.91,Male,20
3899456,21,Private,Absent,11131.23,Male,40
3906193,47,Private,Absent,80477.09,Male,40
3910335,23,Private,Married,5950.03,Male,54
3916990,23,PSLocal,Married,55206.8,Male,40
3925858,66,Private,Widowed,169192.1,Female,35
3928183,42,PSState,Divorced,31457.77,Male,45
3933649,24,Private,Absent,112617.59,Male,40
3939014,46,Private,Divorced,144181.15,Female,40
3940771,67,Private,Unmarried,79554.22,Female,40
3943580,28,PSLocal,Absent,44411.01,Female,16
3947669,48,PSState,Married,27311.61,Male,40
3951796,42,SelfEmp,Married,216373,Female,35
3952457,48,Private,Married,235077.88,Female,40
3956755,18,Private,Absent,55889.47,Male,8
3958097,65,Private,Widowed,134361.82,Female,45
3959980,53,Private,Married,30441.04,Male,45
3964056,52,Private,Married,36457.74,Male,40
3967161,48,Private,Absent,15481.2,Male,40
3968001,38,Private,Married,41845.12,Male,70
3968461,51,NA,Married,39195.94,Male,50
3973347,20,Private,Unmarried,176485.25,Male,40
3974938,57,Private,Widowed,164663.6,Male,50
3977867,26,Private,Absent,92535.68,Female,45
3978887,44,Private,Married,6133.38,Male,40
3980226,31,Private,Unmarried,88116.45,Male,40
3980453,57,Private,Married,42522.57,Male,40
3982518,24,PSFederal,Absent,106167.56,Female,40
3986603,69,Private,Married,43192.7,Male,40
3986945,51,Consultant,Married,40491.55,Male,55
3989269,27,Private,Married,43757.41,Male,40
3990972,28,Private,Married,239217.93,Female,40
3994144,61,Private,Married,50401.28,Male,50
4002338,30,Private,Married,15097.86,Male,40
4007994,25,Private,Absent,244248.76,Male,40
4022245,59,PSLocal,Divorced,104006.41,Female,40
4024137,37,Private,Married,60542.61,Male,40
4026717,26,Private,Divorced,81147.27,Female,40
4030547,41,Consultant,Unmarried,66294.52,Male,40
4031109,51,Private,Absent,41358.63,Female,43
4031521,27,Private,Divorced,172504.15,Male,40
4040042,37,Private,Married,22745.9,Male,35
4040192,28,Private,Married-spouse-absent,218597.45,Male,40
4045606,43,Private,Absent,117813.86,Male,40
4046918,38,Private,Divorced,66415.75,Female,40
4047327,43,SelfEmp,Married,34585.86,Male,70
4048711,45,Private,Absent,54610.25,Female,40
4050489,32,Private,Absent,132527.18,Male,40
4051301,21,Private,Absent,47414.35,Female,25
4051568,32,NA,Married,40288.08,Male,40
4061361,31,Private,Absent,71579.7,Male,45
4083366,30,SelfEmp,Married,43547.15,Male,60
4094530,44,Consultant,Absent,189456.13,Male,99
4096413,18,Private,Absent,127464.3,Male,30
4099987,60,Consultant,Divorced,261687.89,Female,10
4107842,49,PSFederal,Married,48438.96,Male,40
4108367,22,Private,Married,65813.54,Male,35
4116733,47,Private,Married,201977.13,Female,20
4121006,54,Private,Absent,82291.28,Male,40
4127963,30,Private,Absent,95314.79,Male,40
4128362,24,Consultant,Unmarried,70069.45,Male,45
4136703,43,Private,Married,32075.56,Male,40
4151098,41,Private,Divorced,68034.9,Female,55
4153176,57,Private,Married,26521.5,Male,40
4160657,24,Private,Absent,139763.94,Male,24
4168195,24,Private,Absent,47686.85,Male,40
4172373,36,Private,Married,44957.03,Male,50
4181716,25,Private,Unmarried,70116.88,Male,40
4188390,40,Private,Divorced,76714.87,Male,40
4188956,27,Private,Divorced,278897.99,Female,40
4202636,30,Private,Married,144481.36,Female,40
4204164,44,Private,Married,60405.43,Male,50
4204648,31,Private,Divorced,225049.48,Female,38
4206069,18,Private,Absent,65037.68,Male,20
4209493,39,Private,Absent,45401.02,Male,50
4210604,55,Private,Married,32999.58,Male,60
4219509,41,NA,Absent,82889.32,Female,30
4228062,24,Private,Absent,69457.59,Female,48
4228263,46,Private,Absent,77205.17,Female,48
4232024,45,Private,Married,34120.79,Male,40
4233732,62,PSState,Married,27452.47,Male,60
4236873,36,Private,Married,29073.78,Male,40
4238405,25,SelfEmp,Absent,13254.73,Male,60
4254629,42,Private,Married,135665.63,Female,40
4270526,19,NA,Absent,171533.02,Male,40
4287796,38,Private,Absent,193681.15,Female,50
4292213,26,Private,Absent,195976.31,Male,20
4312533,22,NA,Absent,53409.99,Female,12
4315172,27,NA,Married-spouse-absent,33897.08,Male,50
4330936,28,Private,Absent,114956.87,Male,40
4336652,37,Private,Married,23972.13,Male,40
4339452,21,Private,Absent,164461.64,Male,43
4341192,38,Private,Married,31609.41,Male,40
4345343,74,NA,Widowed,60529.25,Female,3
4345440,59,PSLocal,Widowed,110146.06,Male,40
4348527,45,Private,Married,25651.97,Male,50
4349170,39,Private,Widowed,5226.03,Female,45
4350090,23,Private,Absent,120980.4,Male,40
4355587,29,Private,Married,48301.94,Male,60
4356425,44,Private,Married,9528.22,Male,40
4373718,38,Consultant,Absent,23291.16,Female,20
4380645,29,Private,Unmarried,97217.72,Female,30
4384924,21,Private,Absent,70125.29,Female,24
4385915,24,Private,Married,11616.92,Male,50
4387401,40,SelfEmp,Married,48443.01,Male,70
4390758,38,Private,Divorced,148170.22,Male,40
4391305,38,PSLocal,Absent,38001.7,Male,40
4396587,24,Private,Absent,2378.63,Male,38
4398573,46,SelfEmp,Married,50055.68,Male,60
4399029,23,Private,Absent,153876.57,Male,40
4399044,58,Private,Married,3150,Male,40
4404017,34,Private,Married,36792.25,Male,62
4406299,51,Private,Absent,90090.03,Male,40
4411529,40,Private,Absent,90825.33,Male,49
4412566,19,Private,Absent,56946.06,Female,20
4413601,38,Private,Married,30927.17,Male,40
4417625,35,Private,Married,26682.44,Male,20
4423809,41,Private,Married,35224.3,Male,60
4425483,23,Private,Married,20261.1,Male,40
4425639,49,Private,Married,24076.66,Male,48
4429760,36,Private,Widowed,178082.65,Female,30
4449415,20,Private,Absent,117717.61,Male,40
4449560,35,SelfEmp,Married,11328.85,Male,60
4451001,37,PSState,Absent,67520.29,Male,38
4460483,29,PSLocal,Absent,117495.98,Male,40
4467852,26,Private,Absent,83863.35,Female,40
4475711,38,Consultant,Married,35520.73,Male,64
4477040,27,Private,Married,393393.42,Female,50
4480150,36,Private,Married,52940.73,Male,40
4482559,40,PSFederal,Absent,89901.16,Male,40
4493227,36,PSFederal,Married,51114.65,Male,40
4493295,32,Private,Absent,74199.12,Male,40
4502102,50,Consultant,Divorced,43445.15,Female,60
4502195,47,PSLocal,Divorced,56729.66,Male,56
4505407,61,NA,Absent,52767.29,Male,7
4508455,54,Private,Married,5360.35,Male,44
4516220,48,Private,Married,113867.76,Female,40
4516940,37,Private,Married,39289.48,Male,45
4517660,44,Private,Married,49981.25,Male,40
4520829,40,Private,Married,35791.19,Male,40
4524960,27,Private,Absent,108664.63,Male,45
4527269,36,Private,Married,34606.74,Male,40
4530435,45,Private,Married,198316.61,Female,35
4533489,32,PSState,Married,134250.87,Female,55
4537353,19,Private,Absent,260015.72,Female,20
4538700,22,Private,Absent,85976.68,Female,40
4540171,40,Private,Absent,111604.03,Female,40
4542027,45,PSState,Divorced,93983.38,Female,40
4546438,45,PSState,Divorced,105763.11,Female,43
4558251,42,Private,Absent,97380.27,Female,60
4558485,42,Private,Married,51245.9,Male,30
4559741,60,NA,Married,13061.1,Male,40
4562337,53,Private,Divorced,102342.44,Male,40
4572048,45,Private,Divorced,130502.82,Female,38
4577329,57,Private,Married,37598.92,Male,50
4579400,61,Consultant,Married,29392.56,Male,50
4580432,20,Private,Absent,180841.47,Female,20
4584715,43,NA,Married,47064.34,Male,40
4587838,31,Private,Married,36692.7,Male,48
4600372,29,Private,Absent,78257.05,Male,40
4608348,29,Private,Absent,128737.61,Male,40
4611333,56,Private,Married,35987.72,Male,60
4614197,21,Private,Absent,67198.88,Male,50
4622365,37,Private,Married,214984.25,Female,60
4631716,34,PSState,Unmarried,138982.23,Female,20
4633218,40,Private,Married,39459.43,Male,40
4639176,33,Private,Married,12121.85,Male,55
4639600,42,PSFederal,Married,60667.89,Male,52
4644562,31,Private,Married,33700.67,Male,40
4647508,58,Private,Married,46084.16,Male,40
4649943,37,Private,Absent,84445.12,Male,50
4652713,33,Private,Divorced,158246.58,Female,40
4655009,46,Private,Married,11056.48,Male,50
4655111,51,PSLocal,Married,58901.13,Female,40
4666008,22,Private,Absent,179631.06,Male,40
4666599,61,NA,Married,49353.08,Male,2
4668300,23,Private,Absent,105740.62,Male,50
4682669,24,Private,Absent,97678.27,Male,40
4689490,30,Private,Married,24104.35,Male,40
4689637,30,Private,Married-spouse-absent,56324.13,Female,40
4692559,27,Private,Married,50784.51,Male,40
4694319,20,Private,Absent,190280.44,Female,40
4694662,46,Private,Absent,122773.27,Female,40
4700366,26,Private,Absent,131220.35,Male,25
4701408,21,Private,Absent,142964.61,Female,20
4703983,51,Private,Married,50330.96,Male,40
4715531,27,PSLocal,Married,96788.66,Female,40
4729221,50,Private,Married,12860.37,Male,40
4738785,51,Private,Married,25755.81,Male,50
4741336,17,Private,Absent,160238.05,Male,20
4751997,29,Private,Married,37701.18,Male,50
4752955,23,Private,Married,291572.84,Female,25
4753272,35,Private,Married,325013.98,Female,8
4753958,40,Consultant,Divorced,73617.56,Male,50
4762720,27,Private,Absent,69852.03,Male,40
4763133,19,Private,Absent,102168.43,Female,40
4770990,20,Private,Absent,224389.29,Male,30
4777364,38,Private,Married,47401.48,Male,50
4782309,61,Private,Married,40935.01,Male,40
4782610,55,PSState,Married,40516.12,Male,45
4784636,26,Private,Absent,57726.47,Female,40
4790985,36,SelfEmp,Married,9113.89,Male,60
4793952,59,PSState,Absent,49513.57,Female,40
4800945,61,Private,Married,46060.23,Male,40
4804248,27,Private,Married,10662.97,Male,53
4809463,59,NA,Married,6964.85,Male,40
4820536,39,Private,Divorced,274431.1,Female,45
4823221,45,PSFederal,Married,21793.84,Male,40
4829979,47,PSLocal,Married,16366.22,Male,40
4844691,23,Private,Absent,126590.09,Female,40
4862788,32,Private,Absent,57984.3,Female,40
4864846,32,Private,Married,37420.49,Male,40
4872030,32,Private,Absent,183554.05,Male,40
4878009,56,Private,Absent,157371.23,Male,28
4880357,24,Private,Absent,102611.6,Male,50
4881559,19,Private,Absent,87617.15,Female,24
4885229,52,Consultant,Married,28753.79,Male,60
4888098,31,Private,Married,42408.09,Male,40
4889345,47,Private,Married,38787.53,Male,40
4890811,46,Private,Married,100347.61,Female,40
4895144,17,Private,Absent,61681.73,Male,20
4897621,21,Private,Absent,154890.3,Female,15
4901863,44,PSLocal,Absent,53696.99,Male,44
4909545,34,Private,Married,61153.39,Male,50
4914214,35,Private,Married,49430.62,Male,45
4914481,21,Private,Absent,172456.38,Female,40
4917525,20,Private,Absent,84471.66,Female,40
4918789,18,Private,Absent,56027.94,Female,20
4919773,60,NA,Divorced,62317.89,Male,35
4921569,34,Private,Absent,104055.14,Female,40
4924726,43,Private,Absent,80053.94,Male,50
4928150,22,PSLocal,Absent,82936.28,Female,10
4930197,48,Consultant,Married,16557.72,Male,50
4933562,61,Private,Married,13147.86,Male,20
4934504,27,Private,Absent,158458.54,Male,45
4935734,33,Private,Married,40925.7,Male,55
4935771,20,Private,Absent,163772,Male,40
4940025,19,NA,Absent,69773.74,Female,30
4941388,33,Private,Married,27661.6,Male,55
4943700,52,Private,Married,33379.58,Male,40
4946567,37,Private,Absent,94623.76,Female,35
4951488,19,PSState,Absent,213011.2,Female,40
4958992,47,Consultant,Married,69200.36,Male,75
4961462,30,Private,Married,33187.91,Male,44
4962427,29,Private,Absent,40905.21,Female,40
4962764,33,PSLocal,Absent,82559.71,Female,40
4974903,41,PSFederal,Married,2654.56,Male,40
4977552,44,SelfEmp,Married,44226.52,Male,50
4987083,33,Private,Married,151493.63,Female,32
4987768,29,Consultant,Absent,50433,Male,50
4989781,48,Private,Married-spouse-absent,74381.26,Female,36
4991112,34,Private,Married-spouse-absent,81418.44,Female,45
4991634,30,Private,Absent,52915.44,Male,52
4996668,23,Private,Absent,157676.14,Male,35
5005813,44,PSLocal,Divorced,101677.29,Female,56
5020138,45,Private,Widowed,21611.94,Female,50
5024034,34,Private,Married,18208.52,Male,40
5027835,41,SelfEmp,Unmarried,163715.34,Male,40
5028042,19,Private,Absent,184671.16,Female,20
5029348,48,PSLocal,Divorced,63452.61,Female,40
5036249,40,Private,Married,227449.1,Female,40
5040783,66,NA,Married,17004.3,Male,30
5042008,29,Private,Divorced,192971.42,Male,56
5043841,50,Private,Married,8292.78,Male,40
5054126,32,PSState,Divorced,45951.16,Female,25
5063409,30,Private,Absent,153262.9,Male,18
5079199,26,Consultant,Unmarried,120415.46,Male,30
5083260,21,Private,Absent,164221.31,Male,40
5083552,29,Private,Married,71387.94,Male,40
5086101,35,Private,Married,48591.21,Male,65
5087685,41,SelfEmp,Married,41275.84,Male,50
5097839,22,Private,Absent,26127.67,Male,40
5100635,24,Private,Divorced,107521.53,Female,50
5108328,55,Consultant,Married,330573.21,Female,8
5110751,27,Private,Absent,208645.63,Male,40
5114511,18,Private,Absent,127276.93,Female,15
5118803,45,Private,Married,30060.37,Male,40
5121776,22,Private,Absent,154675.1,Female,35
5124460,49,Private,Married-spouse-absent,25113.04,Male,42
5132331,36,Private,Divorced,93966.02,Female,30
5151739,73,NA,Widowed,44046.63,Female,8
5157458,19,PSState,Absent,100155.39,Male,20
5162451,37,Private,Married,15834.6,Male,50
5168625,21,NA,Absent,107108.44,Male,10
5185133,46,Private,Married,48465.11,Male,36
5185185,66,NA,Widowed,54347.79,Female,40
5189066,54,SelfEmp,Married,45259.14,Male,98
5192673,65,Private,Married,43736.99,Male,40
5195494,45,Private,Married,35352.57,Male,40
5195824,44,Private,Absent,89285.95,Male,60
5198017,59,PSLocal,Married,91243.71,Female,38
5198986,22,Private,Absent,285526.27,Male,40
5199683,32,PSLocal,Married,15392.23,Male,41
5201451,61,Private,Married,34720.61,Male,40
5201637,35,Private,Married,41900.16,Male,60
5209691,44,Private,Married,50153.16,Male,40
5210369,26,Private,Absent,84098.64,Male,44
5220053,35,Private,Married,35840.09,Male,50
5224758,27,Private,Married,33613.77,Male,80
5226913,50,NA,Absent,85184.47,Male,40
5233423,57,Private,Married,180527.55,Female,38
5234467,45,Private,Married,49376.01,Male,60
5235838,33,Private,Married,32526.41,Male,50
5252390,34,Private,Divorced,193043.03,Male,40
5256627,67,NA,Married,14349.23,Male,11
5257032,29,Private,Married,14845.09,Male,40
5258259,44,Private,Married,33987.25,Male,40
5263682,21,Private,Absent,177077.59,Male,20
5268572,33,PSState,Married,10137.31,Male,40
5268782,49,Private,Married,50834.09,Male,40
5269457,31,Private,Divorced,234830.21,Female,40
5282093,19,Consultant,Absent,109743.23,Male,40
5282817,35,Private,Divorced,51457.79,Male,50
5288840,70,Private,Married,35483.35,Male,40
5292303,54,Private,Divorced,65131.3,Female,40
5293006,42,Private,Married,17790.18,Male,40
5296852,62,Private,Married,55497.9,Male,20
5298607,20,NA,Absent,212562.38,Male,35
5303493,46,PSFederal,Absent,62060.46,Male,40
5305420,60,PSLocal,Married,29586.54,Male,40
5305731,27,Private,Absent,287243.51,Female,20
5307090,37,PSFederal,Divorced,287407.11,Female,40
5312827,25,Private,Married,18646.05,Male,40
5323976,30,Private,Divorced,106945.97,Female,40
5325222,58,Private,Married,19546.74,Male,20
5328983,44,NA,Married,228571.75,Female,16
5333120,31,Private,Married,28254.49,Male,40
5335298,29,NA,Married,46767,Male,50
5361019,31,Private,Absent,174203.82,Male,42
5366598,43,Private,Married,26230.68,Male,40
5373567,62,Private,Married,45312.74,Male,40
5380782,40,Private,Married,28079.2,Male,40
5381070,35,Consultant,Married,95146.95,Male,35
5381128,56,Private,Married,34745.85,Male,45
5382026,38,Private,Married,61249.9,Male,40
5391112,30,Consultant,Divorced,285365.67,Female,40
5392478,44,PSLocal,Married,94124.65,Female,40
5394566,27,Private,Absent,240908.51,Male,40
5401493,31,Private,Married,160377.84,Female,40
5403117,40,Private,Married,34666.62,Male,50
5407656,28,Private,Married,42357,Male,50
5411535,67,Private,Widowed,99701.35,Female,24
5413709,28,PSFederal,Absent,59390.97,Male,50
5414985,33,Private,Divorced,27038.17,Male,40
5416740,63,NA,Married,23044.59,Male,12
5425508,20,Private,Absent,177677.91,Male,40
5428482,42,Private,Married,28766.09,Male,40
5430773,19,Private,Absent,155493.78,Female,27
5433851,25,Private,Married,58060.15,Male,60
5443507,28,Private,Absent,115787.94,Male,45
5443922,59,SelfEmp,Married,26498.59,Male,40
5467953,49,PSFederal,Married,16388.38,Male,40
5475265,34,Consultant,Married,16967.77,Male,40
5480800,20,Private,Absent,121890.11,Male,25
5482289,22,Private,Absent,194054.26,Male,30
5485578,32,NA,Married,46526.3,Male,40
5493168,21,PSState,Absent,26834.22,Male,40
5507697,45,PSLocal,Divorced,243776.44,Female,40
5510960,49,SelfEmp,Divorced,100800.81,Male,60
5521101,26,NA,Absent,96366.7,Male,44
5521114,25,PSState,Absent,41771.75,Male,40
5522201,39,Private,Married,53614.87,Male,50
5535163,44,PSFederal,Married,17748.54,Male,40
5539926,66,Private,Married,27410.54,Male,45
5542944,47,Private,Divorced,28176.12,Male,32
5543593,30,Private,Absent,166349.59,Male,10
5543739,50,Private,Married,47316.24,Male,40
5543793,20,Private,Absent,185072.43,Female,20
5547769,28,Private,Married,79749.71,Female,40
5549803,54,NA,Absent,79612.99,Female,40
5553113,58,Private,Divorced,204682.96,Female,40
5554606,58,Private,Divorced,193492.7,Female,25
5555403,54,Private,Married,34550.16,Male,45
5556926,33,Consultant,Married,126715.93,Female,50
5564122,44,PSLocal,Married,30781.3,Male,40
5564641,21,NA,Absent,185594.22,Male,40
5570254,27,Private,Absent,110499.57,Male,48
5577857,37,Private,Married,51634.23,Male,60
5577907,48,SelfEmp,Married,26291.84,Male,38
5583018,23,PSFederal,Absent,104833.65,Male,40
5583524,50,Private,Divorced,5918.22,Male,22
5584507,68,Private,Married,18759.1,Male,45
5584551,43,Private,Married,263647.11,Female,42
5585013,40,PSLocal,Married,96688.71,Male,40
5586645,18,Private,Absent,149844.73,Male,16
5592627,44,Private,Married,50115.03,Male,60
5593596,31,Private,Absent,51203.16,Female,50
5593943,24,Private,Absent,27822.71,Female,45
5601444,35,Private,Married,60899.02,Male,48
5606961,52,Private,Married,39134.45,Male,60
5607617,19,Private,Absent,61766.53,Female,25
5610373,29,Private,Absent,84121.07,Male,50
5619780,67,NA,Widowed,44659.18,Female,1
5623955,27,PSFederal,Married,66816.56,Male,40
5624610,49,Private,Married,27486.02,Male,40
5624618,21,Private,Absent,68020.6,Male,30
5629492,54,Private,Married,51084.22,Male,35
5629741,75,SelfEmp,Married,26317.48,Male,26
5629974,30,Private,Absent,45892.78,Male,40
5634257,44,PSState,Married,60894.18,Male,40
5637157,18,Private,Absent,157404.51,Female,25
5639745,48,Private,Divorced,239767.24,Female,37
5649072,30,SelfEmp,Married,50969.27,Male,48
5649375,37,Private,Absent,79468.38,Male,60
5649712,33,Private,Married,66616.76,Male,50
5651378,36,Private,Absent,100171.69,Male,65
5656173,33,Private,Unmarried,110517.33,Female,40
5660878,33,Private,Married,43867.42,Male,75
5667613,37,Consultant,Absent,154025.31,Male,37
5676649,47,Consultant,Divorced,123669.96,Female,55
5682046,56,Private,Absent,36985.48,Female,38
5689746,48,PSLocal,Married,23457.66,Male,38
5692322,23,Private,Absent,99024.29,Female,40
5694516,51,PSFederal,Married,35189.66,Male,40
5695998,42,Private,Married,23637.85,Male,48
5699057,37,Private,Married,50264.74,Male,40
5724484,33,Private,Married,49895.96,Male,45
5725170,26,Private,Absent,66656.23,Female,35
5731876,35,Private,Divorced,76610.29,Female,40
5732672,57,PSFederal,Divorced,52295.23,Male,40
5733981,28,Private,Married,64633.82,Male,45
5737573,33,Private,Absent,61253.63,Male,40
5739472,42,PSState,Divorced,42782.43,Male,40
5743147,22,Private,Absent,65127.04,Male,50
5747351,33,Private,Married,44356.81,Male,15
5756084,78,NA,Widowed,87209.25,Female,4
5761158,41,Private,Married,59515.36,Male,40
5774108,20,Private,Absent,97111.81,Male,40
5775093,41,Private,Married,45246.6,Male,60
5777238,24,PSState,Absent,65624.31,Male,20
5781174,41,PSFederal,Divorced,122572.32,Female,40
5781339,48,Private,Married,42012.18,Male,45
5785387,40,Consultant,Unmarried,136067.1,Female,20
5789633,57,Private,Married,35210.77,Male,40
5803773,24,Private,Absent,87199.48,Male,40
5804397,37,Private,Divorced,162411.8,Female,45
5806158,34,Consultant,Divorced,201606.08,Female,50
5808981,53,Private,Married,31969.17,Male,50
5810743,25,Private,Unmarried,98744.64,Male,40
5811179,45,PSState,Married,31682.89,Male,60
5814172,57,Private,Widowed,299857.24,Male,52
5815613,39,Private,Unmarried,82367.92,Female,20
5816381,45,Consultant,Married,27896.05,Male,80
5820306,62,NA,Absent,302520.43,Female,40
5836240,43,Private,Married,326956.83,Female,32
5837028,21,Private,Absent,290175.87,Female,20
5841031,46,Private,Divorced,216606.07,Male,40
5841146,64,NA,Widowed,83849.61,Female,35
5848103,50,Private,Married,15828.78,Male,45
5848478,26,Private,Absent,105608.42,Male,48
5853392,56,Private,Married,44065.89,Male,40
5854012,44,Private,Married,25134.57,Male,40
5866998,42,Private,Absent,70018.35,Male,40
5867705,40,Consultant,Married,49315.87,Male,30
5872618,18,NA,Absent,33319.52,Female,30
5875221,20,Private,Absent,176057.51,Female,35
5877064,55,Private,Divorced,53682.58,Female,40
5887435,35,Private,Divorced,255402.74,Female,48
5891316,42,PSLocal,Married,29954.32,Male,40
5896520,48,Consultant,Married,20470.36,Male,40
5899148,41,PSState,Divorced,67000.93,Male,40
5904305,26,Private,Absent,320098.1,Male,40
5928257,17,Private,Absent,152721.29,Male,40
5929239,50,Private,Married,32743.27,Male,38
5929365,32,Private,Married,31291.31,Female,36
5929761,49,PSState,Married,22596.58,Male,40
5931627,26,Private,Married,64051.32,Male,40
5942012,21,Private,Absent,107175.8,Male,40
5948701,55,PSFederal,Married,51108.26,Male,60
5958246,24,Private,Unmarried,219602.18,Female,40
5962521,32,Private,Married,30080.78,Male,50
5962648,39,Private,Married,205185.99,Female,32
5974099,46,Private,Absent,73276.12,Male,40
5977157,44,Private,Divorced,80946.05,Male,48
5994090,47,Private,Divorced,14774.29,Male,40
5995267,19,NA,Absent,97296.29,Male,40
5995733,49,Private,Married,28082.43,Male,50
5996374,45,Private,Unmarried,125594.01,Female,40
6000482,47,PSLocal,Married,31008.6,Male,40
6004884,29,Private,Divorced,109341.58,Female,25
6010946,56,PSLocal,Widowed,91953.88,Female,40
6015309,33,Private,Absent,106946.9,Female,40
6019216,24,Private,Married,324427.42,Female,40
6031385,42,Private,Absent,59071.62,Male,55
6031535,46,Private,Divorced,248376.07,Female,45
6035110,23,Private,Absent,39308.66,Female,40
6041187,54,Private,Divorced,218259.97,Female,35
6051891,51,PSLocal,Divorced,274195.24,Male,52
6061095,59,Private,Married,34268.74,Male,56
6070900,40,PSState,Married,45738.2,Female,20
6078926,44,Private,Married,411783.25,Female,6
6085798,30,PSFederal,Absent,14717.12,Female,35
6087204,49,Private,Divorced,37328.8,Female,40
6089024,34,Private,Married,19430.06,Male,45
6093447,36,Private,Divorced,273806.89,Male,40
6095275,31,Private,Absent,186734,Male,25
6105722,33,Private,Unmarried,27040.44,Female,50
6109853,22,Private,Married,37129.41,Female,40
6117508,44,SelfEmp,Married,26368.58,Male,50
6143355,51,Private,Divorced,80149.55,Female,40
6145953,25,Consultant,Absent,86818.55,Male,35
6148007,28,Private,Married,40040.97,Male,40
6150789,46,PSFederal,Divorced,79516.72,Male,40
6156010,32,Private,Absent,108352.29,Male,40
6163508,22,Private,Absent,211440.82,Female,35
6164260,21,PSState,Absent,281632.06,Female,35
6177453,51,Private,Widowed,6254.08,Female,40
6178299,21,Private,Absent,53839.35,Female,10
6182397,31,Private,Unmarried,54136.12,Female,50
6184467,27,Private,Unmarried,158854.09,Male,40
6196725,47,Consultant,Absent,45235.56,Male,45
6213056,34,Private,Absent,75278.41,Male,30
6213419,45,Private,Married,27440.92,Male,32
6215935,63,Private,Married,255158.97,Female,12
6218199,41,Consultant,Divorced,266799.71,Male,5
6219246,68,Private,Married,7615.01,Male,40
6220769,20,Private,Absent,187376.57,Male,30
6226732,54,PSFederal,Married,30247.86,Male,40
6232719,21,Private,Absent,84172.5,Male,15
6233278,37,Private,Divorced,88184.56,Male,40
6238456,47,PSLocal,Married-spouse-absent,44977.52,Male,45
6242934,34,SelfEmp,Absent,80118.68,Male,55
6251763,60,Private,Married,31613.91,Male,45
6253982,33,Private,Absent,45945.08,Male,35
6260817,21,Private,Absent,119419.36,Male,25
6266668,47,Private,Married,27878.89,Male,45
6267121,39,Consultant,Divorced,110807.71,Male,40
6269348,17,Private,Absent,186407.12,Female,20
6271413,30,Private,Divorced,89889.54,Female,40
6282967,46,Private,Divorced,222602.99,Female,40
6285176,41,Private,Married,30387.96,Male,40
6286728,49,PSLocal,Married,40390.4,Male,40
6291531,21,Private,Married,26203.8,Male,25
6291688,39,Private,Married,48397.41,Male,40
6296085,19,Private,Absent,262216.35,Male,35
6297330,25,Private,Absent,87891.89,Female,25
6298186,17,Private,Absent,69450.11,Female,20
6298614,40,Consultant,Married,19246.93,Male,20
6308196,17,Private,Absent,123234.32,Female,18
6313114,43,Private,Married,44396.52,Male,45
6314607,41,PSState,Absent,79574.26,Female,40
6326706,27,Private,Married,7523.49,Male,45
6334877,27,Private,Married,33482.58,Male,40
6341121,42,PSFederal,Divorced,122454.68,Male,40
6351444,58,Consultant,Married,65218.08,Male,70
6352899,18,PSState,Absent,210210.74,Male,10
6353107,31,Private,Married,24317.92,Male,40
6354117,35,Private,Married,33288.27,Male,40
6354574,22,Private,Absent,29168.49,Female,60
6358616,21,Private,Absent,181792.59,Male,40
6365793,57,Private,Married,32196.18,Male,45
6367404,65,NA,Unmarried,23381.42,Female,40
6371302,30,NA,Married,53338.36,Male,40
6373170,28,Private,Absent,120733.61,Male,35
6382382,50,PSLocal,Married,37962.18,Male,52
6382543,32,Private,Married,15164.11,Male,40
6383075,29,PSFederal,Married,51829.17,Male,42
6387914,52,SelfEmp,Married,49603.87,Male,40
6394641,22,Private,Absent,37698.03,Male,40
6396893,21,Private,Absent,178244.47,Male,45
6398717,26,PSLocal,Married,65467.15,Male,40
6403212,18,Private,Absent,146765.89,Female,25
6408353,28,SelfEmp,Absent,48440.5,Male,50
6414266,35,Private,Unmarried,108079.3,Female,40
6417493,18,PSLocal,Absent,52620.88,Female,25
6426269,58,Consultant,Married,29092.74,Male,35
6431201,33,Private,Married,31869.31,Male,40
6432495,54,Private,Divorced,70799.11,Male,45
6434496,49,Private,Absent,236243.16,Female,40
6436310,33,Consultant,Married,29214.04,Male,60
6438023,26,Private,Absent,80133.84,Female,37
6439575,28,Private,Absent,73042.19,Male,42
6441581,60,NA,Married,36752.61,Male,40
6454594,32,Private,Married,25421.23,Male,49
6462030,28,Private,Absent,222955.79,Male,40
6463531,32,PSLocal,Absent,42738.27,Female,40
6470678,20,Private,Absent,237399.45,Male,40
6474123,34,Private,Unmarried,74884.8,Female,35
6482240,19,NA,Absent,197442.55,Male,30
6485283,39,PSFederal,Absent,88990.52,Male,42
6491065,28,Consultant,Absent,53602.12,Male,40
6496576,43,Consultant,Married,41057.13,Male,35
6498054,54,Private,Married,41640.76,Male,40
6507056,49,SelfEmp,Married,26814.36,Male,52
6507455,25,PSFederal,Married,30136.22,Male,40
6522006,67,Private,Married,20795.19,Male,24
6529702,41,Private,Married,44047.47,Male,40
6535879,47,Consultant,Married,46025.74,Male,60
6536944,67,PSState,Married,22444.12,Male,35
6537728,43,Private,Divorced,67762.49,Female,40
6538502,59,Private,Divorced,86286.36,Female,35
6554660,50,PSLocal,Married,21877.61,Male,45
6555282,25,Private,Absent,42731.95,Female,30
6556820,38,SelfEmp,Married,33819.31,Male,80
6559661,42,Private,Divorced,227938,Male,45
6563907,38,Private,Married,38806.82,Male,70
6564460,23,Private,Married,22414.56,Male,40
6570527,55,Private,Divorced,166688.97,Male,40
6572013,63,Private,Married,64783.02,Male,40
6572508,46,Private,Divorced,104290.58,Female,40
6576501,49,PSState,Married,63313.46,Male,40
6577980,38,Consultant,Married,43817.71,Male,10
6585511,51,Private,Divorced,129293.56,Female,36
6586962,27,Private,Divorced,138057.33,Female,36
6595167,29,Private,Absent,70124.79,Male,40
6595583,27,Private,Absent,76028.48,Female,30
6596347,58,Private,Widowed,36556.06,Female,40
6601255,26,Private,Absent,208069.61,Male,40
6601394,37,SelfEmp,Absent,130515.3,Male,50
6603701,17,Private,Absent,139318.3,Female,30
6606437,41,Private,Married,14830.56,Male,40
6606573,40,Private,Married,19820.71,Male,60
6614665,49,Private,Divorced,107359.44,Female,40
6621317,29,Consultant,Absent,65563.06,Male,40
6629884,28,Private,Absent,92214.5,Female,45
6633473,29,Private,Absent,100675.3,Male,30
6636742,55,Private,Divorced,42878.48,Female,40
6636978,38,Private,Married,57242.66,Male,40
6639239,26,Private,Married,35710.59,Male,48
6646979,38,Private,Unmarried,92373.12,Male,40
6656952,46,Private,Married,22079.26,Male,60
6669485,26,Private,Unmarried,143592.32,Female,40
6681809,30,Private,Absent,158342.9,Female,40
6702088,39,Private,Married,30240.16,Male,50
6711050,23,Private,Absent,84181.82,Female,25
6719476,26,Private,Absent,152472.6,Female,35
6720873,44,SelfEmp,Married,25034.02,Male,60
6724561,22,Private,Absent,208699.78,Female,25
6728896,45,PSLocal,Married,50436.31,Male,50
6733480,23,Private,Absent,78077.34,Male,45
6737089,26,Private,Married,30931.27,Male,50
6737946,33,Private,Married,49145.19,Male,41
6740044,24,Private,Absent,63970.56,Male,40
6740984,19,Private,Absent,144232.11,Female,19
6756331,41,Private,Absent,81531.13,Male,40
6756931,43,Private,Married,20400.44,Male,40
6763481,47,Private,Married,33212.24,Male,50
6764608,43,Consultant,Married,35063.55,Male,70
6766440,45,Private,Divorced,139372.43,Female,40
6779285,66,SelfEmp,Married,34211.62,Male,30
6783256,49,Private,Married,34112.18,Female,40
6788864,27,PSState,Absent,131137.04,Male,40
6792750,41,Private,Married,26979.5,Male,45
6794405,51,Private,Married,40723.57,Male,40
6797266,38,Consultant,Married,51278.53,Male,40
6800883,23,Private,Absent,151272.95,Male,40
6805457,29,Private,Absent,54552.07,Male,35
6809170,68,Private,Divorced,80147.58,Male,20
6810520,22,PSFederal,Absent,6457.27,Female,40
6812585,22,Private,Absent,104047.17,Female,30
6813929,35,Private,Married,37877.87,Male,60
6814094,24,Consultant,Absent,139747.38,Male,30
6818664,24,Private,Absent,236105.65,Male,30
6823445,24,Private,Absent,199405.44,Male,40
6827791,19,Private,Absent,64057.01,Female,30
6833299,53,Private,Married,90234.74,Female,40
6834651,20,Private,Absent,83320.74,Female,20
6854663,66,Private,Widowed,82304.62,Female,18
6856705,22,PSFederal,Absent,142682.71,Male,40
6861865,27,Private,Absent,113236.64,Female,40
6864653,49,Private,Married,28246.82,Male,25
6866521,48,Private,Unmarried,89533.28,Female,35
6870558,39,SelfEmp,Divorced,69184.43,Male,60
6879714,26,Private,Absent,78180.06,Male,50
6880965,37,Consultant,Married,44108.58,Male,45
6894643,40,Private,Divorced,181816.26,Female,38
6898346,23,Private,Absent,138686.32,Female,25
6901831,32,Private,Married,50724.41,Male,40
6903140,30,Private,Married,34798.57,Male,40
6903317,17,Private,Absent,192993.34,Female,40
6910859,39,Private,Married,271169.59,Female,15
6911067,30,Private,Divorced,219562.46,Female,24
6914064,62,Private,Divorced,30741.98,Male,40
6915045,34,Private,Married,63952.56,Male,55
6921197,54,Private,Married,17770.94,Male,25
6924609,70,Consultant,Married,6642.99,Male,8
6941838,28,Private,Absent,110747.81,Male,40
6952978,25,Private,Absent,79994.06,Male,65
6958310,38,Private,Married,27677.84,Male,50
6965390,61,Private,Married,47715.87,Male,3
6968450,18,Private,Absent,82780.21,Female,30
6971886,38,Private,Divorced,56310.23,Female,60
6972471,47,PSState,Married,31145.28,Male,40
6972761,44,PSFederal,Married,36891,Male,40
7016349,36,Private,Absent,69718.88,Female,40
7017016,29,NA,Unmarried,228913.53,Female,20
7025539,21,Private,Absent,146282.46,Male,38
7037101,29,Private,Married,40596.39,Male,40
7037845,20,Private,Absent,141235.48,Female,15
7047262,36,PSFederal,Married,36509.39,Male,40
7048772,25,Private,Married,39876.3,Male,45
7055229,31,PSFederal,Absent,104913.34,Male,40
7055740,45,Consultant,Absent,47118.62,Male,55
7073624,59,Private,Divorced,149446.38,Female,40
7074934,22,Private,Absent,137941.07,Male,25
7080792,46,Private,Married,45933.25,Male,70
7082414,34,Private,Married,46006.17,Male,40
7097995,18,Private,Absent,142608.4,Female,35
7100876,27,Private,Divorced,31081.8,Female,40
7102499,69,Consultant,Absent,174177.99,Male,10
7104569,29,Private,Married,25774.62,Male,40
7104855,55,Private,Married,24932.3,Male,40
7109081,46,Private,Absent,99540.11,Female,40
7109281,38,Consultant,Married,19394.14,Male,60
7118305,23,Private,Absent,199505.89,Male,25
7119182,54,Private,Married,148034.34,Female,40
7121867,45,Consultant,Married,30255.32,Male,40
7125445,43,Consultant,Married,33763.1,Male,40
7131765,27,Private,Married,31663.72,Male,40
7136501,46,Private,Married,291625.9,Female,40
7137194,20,SelfEmp,Absent,36037.58,Female,30
7138368,22,Consultant,Absent,212377.87,Male,20
7138727,50,SelfEmp,Married,32009.01,Male,60
7143275,36,Private,Married,24877.03,Male,60
7144854,44,Private,Absent,65309.11,Female,35
7145188,29,Private,Married,40994.99,Male,60
7147460,29,Private,Married,29511.31,Male,50
7149254,51,Private,Divorced,99435.1,Male,50
7150665,28,PSLocal,Married,39495.41,Male,42
7151071,59,SelfEmp,Married,30614.87,Male,40
7152020,18,Private,Absent,79100.58,Male,40
7157004,18,NA,Absent,109723.67,Male,36
7159199,42,Private,Married,54238.97,Male,50
7162515,39,Private,Married,36839.34,Male,40
7168241,24,Private,Absent,65928.98,Male,40
7169195,40,Consultant,Married,17863.06,Male,70
7174548,66,NA,Married,35298.69,Male,18
7174595,47,Private,Married,61082.19,Male,40
7174671,18,Private,Absent,98383.87,Male,18
7185566,40,Private,Married,187945.04,Female,40
7188002,24,Private,Absent,26120.47,Male,40
7193522,18,Private,Absent,174654.15,Female,25
7195179,36,Private,Absent,194147.03,Female,40
7205430,43,Private,Married,24511.78,Male,99
7210178,47,Private,Married,30374.41,Male,26
7217272,44,PSLocal,Married,22095.2,Male,48
7217367,53,PSState,Absent,76997.19,Female,40
7219320,25,NA,Married,46429.12,Male,60
7222784,26,Private,Absent,115213.1,Male,40
7225445,44,Consultant,Divorced,68879.14,Female,40
7225919,29,Private,Married,210653.92,Female,40
7233476,28,Private,Absent,38866.78,Female,35
7235367,47,Consultant,Married,32283.21,Male,20
7236518,27,Private,Married,16442.12,Male,45
7237688,54,Private,Divorced,111806.83,Male,40
7241845,31,Private,Married,19547.6,Male,40
7241865,49,PSFederal,Married,36021.23,Male,40
7243607,57,Consultant,Married,28827.9,Male,60
7244045,81,Consultant,Married,34614.18,Male,30
7249029,37,Private,Unmarried,39308.87,Male,70
7259543,34,PSLocal,Married,62334.04,Male,40
7265762,34,Consultant,Married,354356.88,Female,25
7266311,32,Private,Absent,65824.46,Male,55
7268127,31,Private,Absent,124130.16,Male,42
7269447,41,PSFederal,Married,27753.37,Male,40
7269552,21,Private,Absent,243862.28,Male,36
7272049,19,Private,Absent,151313.3,Female,25
7273459,61,NA,Married,74899.13,Male,30
7276340,39,Private,Married,38183.12,Male,35
7282622,41,Private,Divorced,140899.75,Male,40
7283069,61,Private,Absent,203401.76,Male,16
7286892,24,NA,Absent,34151.9,Female,40
7289449,41,Private,Unmarried,77925.68,Male,40
7293366,28,PSFederal,Absent,95210.3,Male,40
7295772,41,Private,Married,32964.61,Male,45
7301119,65,Private,Divorced,80894.68,Male,40
7301486,57,Private,Absent,122460.76,Male,40
7302632,54,Private,Married,45751.88,Male,40
7316220,18,Private,Absent,90012.47,Male,18
7326188,30,Private,Absent,102081.85,Male,44
7327994,60,Private,Married,247476.53,Female,40
7332459,32,Private,Married,61766.3,Male,55
7337814,54,Private,Married,5301.23,Male,38
7338092,53,Private,Divorced,252025.95,Female,35
7343010,56,Private,Absent,45542.3,Male,40
7349138,34,PSLocal,Absent,28364,Male,40
7359532,27,Private,Absent,80795.43,Female,30
7359673,18,Private,Absent,34914.62,Female,30
7360828,20,NA,Absent,126005.37,Female,20
7364017,41,PSState,Absent,173409.55,Female,35
7364201,21,Private,Absent,164901.74,Male,40
7365093,20,PSState,Absent,143458.2,Female,40
7366290,68,Consultant,Married,16250.15,Male,45
7367336,42,Private,Married,28449.38,Male,40
7374615,47,Private,Unmarried,209330.06,Female,40
7389747,39,Private,Absent,28472.93,Male,40
7390233,35,Private,Unmarried,57337.88,Male,50
7391275,18,Private,Absent,233575.14,Female,24
7395861,45,SelfEmp,Married,52650.6,Male,40
7403264,38,PSState,Divorced,68740.66,Female,40
7414277,34,Private,Absent,114444.64,Male,40
7422638,19,Private,Absent,153227.35,Male,8
7423390,55,Private,Married,56010.67,Male,40
7433018,24,Private,Married,56339.72,Male,50
7434560,48,Private,Married,42018.75,Male,45
7439452,57,NA,Married,26957.36,Male,60
7440283,61,Private,Widowed,70465.25,Female,40
7451499,48,Private,Divorced,87539.7,Female,31
7452500,23,Consultant,Absent,30045.28,Male,40
7455833,26,Private,Absent,206381.36,Male,40
7459731,32,Private,Absent,132792.04,Female,45
7461816,33,NA,Divorced,137801.39,Male,53
7476540,42,Private,Unmarried,267843.59,Female,25
7481047,47,PSState,Married,17357.59,Male,38
7488134,45,PSLocal,Absent,54304.38,Female,40
7488473,45,NA,Widowed,119448.83,Female,38
7498193,29,Private,Divorced,112370.96,Female,40
7500338,26,PSFederal,Absent,42159.58,Female,40
7501430,43,Private,Married,14387.48,Male,60
7502026,37,Private,Divorced,122630.3,Female,32
7502930,39,Private,Married,50729.09,Male,50
7509431,30,Private,Married,51135.68,Male,40
7516885,42,Private,Absent,34061.72,Male,50
7522837,59,Private,Married,41927.58,Male,40
7540496,35,SelfEmp,Married,45725.31,Male,60
7547024,46,Private,Married,20933.41,Male,50
7547102,20,Private,Absent,139851.93,Female,20
7549346,58,Private,Married,34827.24,Male,40
7558814,25,PSState,Absent,167025.01,Male,40
7565097,25,Private,Absent,40121.65,Male,40
7567290,33,Private,Married,51170.79,Male,40
7567708,23,Private,Absent,70436.56,Male,40
7567947,27,Private,Married,19421.23,Male,40
7572880,38,PSLocal,Divorced,77851.75,Female,45
7573552,53,Private,Divorced,55820.76,Female,36
7573914,25,Private,Absent,82791.04,Female,40
7578258,46,Private,Married,6469.39,Male,40
7579532,17,SelfEmp,Absent,97728.98,Male,40
7582617,51,Private,Married,70373.5,Male,40
7584056,56,PSFederal,Unmarried,121064.39,Male,40
7592464,39,Private,Married,261593.85,Female,40
7606776,25,PSState,Absent,71150.2,Male,20
7609967,32,Private,Married,27584.13,Male,40
7614013,25,Private,Married,38306.26,Male,44
7614878,21,Private,Absent,118942.87,Male,40
7617242,47,Private,Married,40638.29,Male,44
7617517,61,Consultant,Widowed,81250.19,Female,40
7618649,59,Private,Married,53336.36,Male,50
7621163,35,Private,Absent,175176.75,Male,40
7624681,62,NA,Married,38844.68,Male,50
7625568,23,Private,Absent,72222.2,Female,35
7627468,29,Private,Absent,260192.76,Male,50
7628291,37,Private,Absent,62936.81,Male,44
7629748,26,Private,Married,253612.7,Female,45
7631109,56,Consultant,Married,48466.38,Male,55
7634782,39,Private,Unmarried,240251.41,Female,40
7636676,40,Consultant,Married,66292.07,Male,70
7639062,47,PSState,Married,14665.52,Male,40
7647301,42,Private,Absent,103966.05,Male,40
7652383,32,Private,Divorced,143377.9,Female,42
7655395,28,Private,Married,52831.47,Male,40
7665547,26,Private,Married,155720.99,Female,35
7665943,28,Private,Absent,62975.92,Female,30
7666025,46,PSFederal,Divorced,95639.76,Male,40
7669483,24,Private,Absent,106737.31,Male,40
7672445,20,Private,Absent,254079.71,Male,40
7676170,23,Private,Absent,56311.93,Male,40
7677175,25,Private,Absent,130201.98,Male,50
7680276,29,Private,Married,132856.27,Male,40
7680633,23,PSFederal,Absent,152543.64,Female,40
7680634,44,Consultant,Divorced,100000.66,Male,60
7687979,42,Private,Absent,94864.3,Male,45
7709204,38,Consultant,Married,69478.37,Male,40
7725708,57,Private,Married,21281.7,Male,40
7729462,18,Private,Absent,112692.93,Female,24
7729542,22,Private,Absent,184332.59,Male,22
7730086,23,Private,Absent,67374.54,Male,40
7734044,53,Private,Married,25820.54,Male,52
7742994,47,Private,Married,19109.03,Male,40
7743640,48,Private,Married,33183.44,Male,55
7744632,64,Private,Married,15211.52,Male,60
7749515,17,NA,Absent,174482.12,Male,40
7754389,33,Consultant,Married,29177.56,Male,40
7756891,37,Private,Married,4824.34,Male,50
7757815,33,Private,Absent,59588.77,Male,43
7763890,35,Private,Married,17666.7,Male,50
7765906,35,Private,Absent,131926.03,Female,40
7766032,68,NA,Married,44746.05,Male,15
7768490,29,Private,Absent,40068.93,Male,50
7774421,52,Private,Divorced,80043.25,Male,60
7777422,46,Private,Divorced,137081.84,Male,44
7778844,57,PSLocal,Divorced,26974.36,Male,40
7780828,56,Private,Married,35286.3,Male,44
7781346,21,Private,Absent,63338.33,Male,45
7786568,33,Private,Married,41124.17,Male,16
7787609,42,Private,Married,63215.29,Male,60
7797438,26,Private,Married,56002.4,Male,40
7809386,24,Private,Divorced,110008.09,Male,40
7811862,36,Private,Absent,99389.9,Male,40
7816411,31,Private,Absent,64071.23,Male,50
7818142,25,Private,Unmarried,150471.56,Male,40
7823899,47,Private,Widowed,93634.6,Female,40
7835443,47,Private,Married,14925.85,Male,40
7848840,33,Private,Unmarried,72762.3,Female,40
7852813,39,Private,Married,209639.84,Female,40
7858910,43,Consultant,Divorced,100084.83,Male,25
7858973,35,Private,Married,40415.76,Male,50
7861154,40,Private,Married,21246.65,Male,50
7871983,55,PSLocal,Absent,60766.47,Female,45
7872583,17,Private,Absent,233409.77,Male,30
7876026,27,Private,Married,16294.82,Male,50
7878061,55,Private,Divorced,300567.65,Female,20
7883318,28,Private,Absent,51433.26,Female,50
7889877,32,Private,Divorced,110297.69,Female,40
7894906,37,Private,Married,210851.71,Female,40
7896143,32,PSState,Divorced,68317.22,Female,40
7900499,31,SelfEmp,Absent,16438.72,Male,44
7900859,22,NA,Absent,118931.27,Male,20
7909494,60,Private,Widowed,23892.12,Female,30
7930005,43,Private,Widowed,19841.6,Female,37
7930929,66,NA,Widowed,242869.91,Female,40
7930941,54,Private,Divorced,63596.65,Female,40
7931340,33,Private,Divorced,303961.49,Female,40
7933477,64,PSFederal,Unmarried,53105.64,Female,40
7942955,24,Private,Absent,40712.44,Male,45
7959188,25,Private,Absent,25238.23,Female,40
7961013,42,Private,Married,22883.66,Male,50
7966678,21,PSState,Absent,103450.75,Male,40
7968099,36,Private,Divorced,121314.79,Female,40
7968368,23,Private,Absent,182471.48,Male,25
7976226,46,Consultant,Married,68114.69,Male,60
7980942,27,Private,Absent,31669.08,Male,35
7982978,55,Private,Divorced,52738.91,Male,40
7992402,43,Private,Married,31786.89,Male,40
7995202,58,Consultant,Married,45803.18,Male,50
8004039,31,PSLocal,Married,54288.61,Male,48
8006173,34,Consultant,Married,42289.78,Male,55
8007348,72,NA,Married,34487.91,Male,40
8011935,53,Private,Married,22446.29,Male,60
8017094,31,Private,Married,59196,Male,55
8018392,49,SelfEmp,Married,11703.44,Male,40
8020488,30,Private,Married,58729.5,Male,40
8024550,45,Private,Married,17868.72,Male,40
8034654,23,Private,Absent,81443.06,Male,55
8037825,17,Private,Absent,80669.22,Male,10
8037832,28,Private,Married,38719.04,Male,45
8039738,60,NA,Married,59091.77,Male,8
8055839,34,Consultant,Married,15710.66,Male,35
8057673,37,Private,Married,14412.91,Male,40
8058692,52,Private,Divorced,91631.97,Male,40
8059398,35,Private,Divorced,81222.6,Female,40
8060914,42,Private,Married,38065.64,Male,40
8063024,43,PSLocal,Married,20245.04,Male,40
8068483,57,Private,Married,9908.42,Male,40
8083202,59,PSState,Married,32407.59,Male,50
8086976,29,PSState,Married,42315.24,Male,20
8087752,37,PSLocal,Divorced,165293.02,Female,35
8088738,52,Private,Married,25276.19,Male,30
8089214,43,Private,Unmarried,10647.09,Male,40
8090516,26,Private,Absent,154079.71,Male,40
8093655,53,Private,Married,34590.96,Male,45
8095545,51,Private,Married,23800.98,Male,47
8096767,29,Private,Absent,84248.29,Female,40
8097576,20,Private,Absent,25358.05,Male,40
8100828,36,Private,Absent,80958.09,Male,30
8101919,32,Consultant,Married,13173.25,Male,45
8106491,42,Private,Divorced,71600.25,Female,40
8116036,18,NA,Absent,200908.22,Female,20
8123449,37,Private,Married,39093.3,Male,50
8124109,57,PSFederal,Married,34700.45,Male,40
8133370,64,Private,Married,17142.5,Male,40
8137063,67,PSLocal,Divorced,80081.26,Male,20
8140648,34,Private,Absent,201033.48,Male,40
8141596,44,Private,Married,20924.33,Male,45
8142846,32,PSLocal,Married,35745.96,Male,43
8154747,20,NA,Absent,109853.44,Male,40
8156756,25,Consultant,Absent,74054.02,Male,15
8157495,60,Private,Divorced,345263.49,Female,40
8161040,19,Private,Absent,101145.88,Female,30
8165976,38,Private,Married,39979.2,Male,65
8168783,22,Private,Absent,99136.05,Female,40
8172716,51,SelfEmp,Divorced,48110.95,Male,60
8174004,63,Private,Married,44979.07,Male,35
8180215,39,Private,Married,421075.3,Female,25
8181245,31,Private,Absent,191779.35,Female,20
8182397,30,Private,Absent,116063,Male,40
8182945,47,Private,Married,22161.44,Male,50
8183160,32,PSLocal,Married,40578.25,Male,40
8187549,30,Private,Absent,188614.92,Male,45
8202083,51,Private,Married,26439.28,Male,45
8208471,26,Private,Married,42713.56,Male,40
8211774,50,SelfEmp,Absent,103977.33,Male,50
8217729,34,Private,Married,23817.5,Male,40
8220167,45,PSLocal,Married,22778.96,Male,40
8223188,24,Private,Absent,223001.87,Male,40
8229099,33,Private,Married,18669.58,Male,40
8232152,20,Private,Absent,23209.3,Male,40
8232668,66,Private,Married,21798.6,Male,10
8235516,31,Consultant,Married,52742.7,Male,50
8246256,60,Private,Married,46689.99,Male,40
8253605,37,PSFederal,Married,27784.15,Male,40
8254141,24,Private,Absent,75883.25,Male,36
8263510,24,Private,Married,21758.27,Male,35
8265285,30,Private,Absent,169224.91,Male,40
8269839,29,PSLocal,Married,16846.91,Male,40
8272164,42,Consultant,Married,39354.85,Male,48
8273606,26,Private,Absent,84616.57,Female,15
8275416,43,Private,Unmarried,121900.47,Female,40
8279749,26,Private,Absent,41447.11,Male,40
8281011,40,Private,Married,30124.74,Male,40
8281511,59,Consultant,Married,27530.79,Male,40
8281694,26,Private,Absent,51172.07,Female,40
8284352,47,NA,Married,36169.71,Male,36
8285879,32,Private,Unmarried,163076.41,Female,40
8285944,27,Consultant,Absent,117719.17,Male,80
8295608,38,PSLocal,Married,59260.14,Male,20
8297586,49,Private,Married,40329.54,Male,40
8299017,41,Private,Divorced,122514.84,Male,40
8299276,23,Private,Absent,191114.32,Male,40
8304027,28,Private,Widowed,190439.04,Female,35
8304788,36,Private,Married,32859.42,Male,40
8310034,24,Private,Absent,142422.3,Male,40
8313774,27,Private,Married,55006.81,Male,50
8314305,51,Private,Married,115990.3,Female,10
8314903,30,Private,Absent,37955.86,Male,40
8315948,44,Consultant,Married,16006.97,Male,45
8317579,47,Consultant,Married,55972.04,Male,40
8318092,19,Private,Absent,134671.12,Female,35
8321288,31,Private,Divorced,48582.26,Female,40
8323032,51,Private,Married,174275.99,Female,40
8324743,38,Private,Married,26562.14,Male,40
8325108,57,NA,Married,48118.23,Male,80
8333893,28,Private,Married,17654.51,Male,60
8336066,18,Private,Absent,171712.27,Male,30
8339919,21,Private,Absent,328613.91,Male,40
8343688,29,Private,Absent,36235.39,Male,45
8348603,27,Private,Absent,97778.54,Male,40
8352499,44,Private,Divorced,99107.21,Male,50
8353600,74,Consultant,Married,28421.93,Male,10
8364419,81,NA,Divorced,46306.58,Female,35
8373715,42,Private,Married,255829.6,Female,30
8384491,71,PSState,Married,30615.09,Male,28
8389223,25,PSLocal,Absent,140931.66,Female,40
8394164,57,PSState,Married,42016.25,Male,40
8400906,69,NA,Married,35555.2,Male,60
8400999,66,Private,Married,24719.18,Male,28
8403547,52,Private,Married-spouse-absent,21917.9,Male,40
8403735,48,Private,Divorced,177468.71,Female,40
8404676,40,Private,Absent,61930.88,Male,40
8406414,22,Private,Absent,115747.3,Male,44
8408662,29,Private,Absent,83661,Female,40
8415896,51,Private,Married,73559.69,Male,50
8421755,38,Private,Unmarried,248069.91,Female,10
8426368,26,Private,Absent,29335.26,Female,40
8426774,23,Private,Married,35654.11,Male,45
8428521,27,Private,Married,42056.01,Male,25
8429135,67,SelfEmp,Married,46082.74,Male,40
8430910,22,Private,Married,33721.18,Male,40
8431638,59,SelfEmp,Married,18173.6,Male,60
8437953,35,Private,Married,32143.1,Male,40
8439128,28,Private,Married,26201.5,Male,40
8441043,54,Private,Married,30844.18,Male,40
8443516,18,Private,Absent,114950.17,Male,20
8444792,31,Private,Married,43796.16,Male,40
8445724,45,SelfEmp,Married,30706.26,Male,55
8447194,27,Private,Divorced,291269.15,Female,40
8448544,49,Private,Divorced,175877.19,Female,40
8454327,53,Private,Married,33204.38,Male,40
8456007,38,PSFederal,Divorced,178189.6,Female,40
8461691,54,PSLocal,Absent,120586.35,Female,40
8465909,20,NA,Absent,118821.36,Male,10
8484570,36,PSFederal,Married,27526.46,Male,50
8485032,29,Private,Absent,69967.33,Male,45
8490978,57,NA,Married,38222.19,Male,84
8491145,33,Consultant,Married,32405.19,Male,45
8504378,38,Private,Absent,141697.29,Female,30
8508526,79,Private,Married,1598.95,Male,40
8510462,58,Private,Widowed,234352.59,Female,40
8511676,18,Private,Absent,112531.32,Female,20
8511774,50,Private,Divorced,87361.2,Male,45
8517950,24,Private,Absent,175354.11,Male,50
8523736,29,Private,Absent,62808.8,Male,40
8540704,17,Private,Absent,117629.97,Male,10
8542627,31,Consultant,Divorced,32864.65,Male,35
8545629,39,Private,Divorced,57036.86,Female,35
8554333,24,Private,Absent,125044.05,Male,30
8554502,54,PSLocal,Widowed,179420.65,Female,40
8560872,30,Private,Absent,125119.54,Female,40
8565699,22,Private,Absent,207989.32,Female,40
8567642,30,Private,Absent,105205.97,Female,40
8574539,76,PSFederal,Widowed,90883.96,Female,15
8582563,57,PSLocal,Divorced,85398.16,Male,40
8583651,46,PSState,Married,26199.46,Male,37
8587374,31,PSLocal,Married,15281.6,Male,35
8592395,22,Private,Absent,82437.34,Female,17
8593134,44,Private,Married,17465.61,Male,40
8593421,25,Private,Absent,184734.6,Female,40
8594225,24,Private,Divorced,225317.12,Female,40
8594796,49,Consultant,Divorced,65953.27,Male,25
8605137,58,Private,Married,76211.05,Male,45
8605732,17,NA,Absent,90852.67,Female,30
8610619,53,Private,Married,37398.27,Male,45
8614525,19,Consultant,Absent,57730.91,Male,53
8617905,23,Private,Married,20959.54,Male,60
8623146,37,NA,Married,211846.51,Female,40
8626790,58,Private,Married,21525.26,Male,40
8627037,41,SelfEmp,Married,31556.98,Male,62
8632793,36,Private,Married,46578.97,Male,40
8640495,18,PSFederal,Absent,135003.08,Female,32
8641837,23,Private,Absent,148944.25,Female,20
8651679,28,Private,Absent,100415.86,Female,60
8660235,59,Private,Married,42148.58,Male,4
8661084,55,PSLocal,Married,38521.57,Male,50
8664030,31,PSState,Absent,98650.65,Female,40
8665194,28,Private,Married,31235.77,Female,40
8671037,32,Private,Married,46009.41,Male,60
8679648,45,Private,Divorced,200130.22,Female,45
8686839,40,Private,Divorced,275897.1,Male,45
8689599,37,Private,Married,35282.57,Male,50
8694210,27,Private,Married,23895.35,Male,40
8695492,23,Private,Absent,25190.43,Male,60
8703746,31,Private,Married,35669.1,Male,40
8706438,37,Private,Absent,62859.11,Female,40
8721322,23,PSState,Absent,220099.64,Male,40
8725411,32,Private,Absent,217570.86,Female,40
8728502,21,Private,Absent,102106.03,Male,40
8730625,46,PSState,Divorced,10067.38,Male,40
8732307,55,PSLocal,Absent,97502.95,Female,40
8733813,44,Private,Divorced,92595.95,Female,50
8735659,35,Consultant,Divorced,171957.58,Male,15
8738103,57,PSFederal,Absent,3666.87,Male,40
8741452,58,NA,Married,9294.49,Male,24
8747513,64,SelfEmp,Married,122906.29,Female,40
8749774,52,Private,Divorced,56251.18,Female,60
8751802,36,Private,Divorced,110263.49,Male,45
8752461,39,Private,Married,168753.79,Female,36
8752512,18,Private,Absent,177348.64,Male,30
8753378,24,PSFederal,Absent,79484.82,Female,40
8759657,30,Private,Married,38139.25,Male,40
8761470,40,Private,Married,26579.19,Male,52
8764551,35,PSState,Divorced,215224.82,Female,40
8769201,44,Private,Married,22373.02,Male,55
8778709,32,PSFederal,Married,25724.06,Male,40
8778723,50,Private,Married,31436.62,Male,40
8779157,51,Consultant,Divorced,257253.9,Female,99
8786914,36,Private,Married,45375.02,Male,47
8796387,34,Private,Married,28083.21,Male,40
8796598,61,Private,Absent,74508.93,Female,40
8797408,65,Private,Divorced,100886.51,Female,28
8802740,30,Private,Unmarried,205539.85,Female,40
8810146,29,Private,Absent,84409.78,Female,55
8816453,37,Private,Married,8856.16,Male,45
8819153,38,Private,Absent,187366.22,Female,40
8819820,54,Private,Married,31677.52,Male,40
8829793,43,Private,Absent,26205.4,Female,40
8834030,43,Consultant,Married,41590.24,Male,60
8837579,46,NA,Divorced,64482.04,Female,15
8841359,44,Private,Divorced,143817,Male,40
8848288,21,Private,Absent,138764.04,Female,40
8866502,68,Private,Married,52533.94,Male,18
8869018,27,Private,Absent,67822.94,Female,15
8873045,25,Private,Married-spouse-absent,76402.88,Male,50
8873595,59,Private,Unmarried,170528.46,Male,40
8877656,32,Private,Married,40586.22,Male,60
8881957,52,Private,Married,47326.44,Male,40
8882786,65,NA,Married,55353.77,Male,45
8884080,20,NA,Absent,103534.35,Female,25
8884847,50,Private,Married,35494.55,Male,40
8887871,65,Consultant,Married,53584.82,Male,40
8888592,29,Private,Married,19685.38,Male,50
8898129,36,Private,Married,30224.06,Male,60
8898859,41,PSLocal,Divorced,180178.97,Female,35
8909335,25,Private,Married,206963.41,Female,40
8921467,53,Private,Married,34588.34,Male,99
8928627,33,Private,Married,31790.75,Male,50
8929115,51,Private,Married,20839.23,Male,45
8932725,40,Private,Divorced,54892.68,Female,32
8933851,18,Private,Absent,194452.97,Male,20
8935177,33,SelfEmp,Married,26155.21,Male,60
8938717,41,Private,Unmarried,121944.1,Female,40
8939272,22,Private,Absent,55761.59,Female,20
8942277,57,PSFederal,Divorced,122962.35,Male,55
8955265,22,Private,Absent,96491.51,Female,40
8960146,32,Private,Absent,111634.75,Female,40
8960193,56,Private,Widowed,39069.69,Male,60
8961167,29,Private,Absent,74954.41,Female,45
8963479,68,Consultant,Married,48124.25,Male,30
8964400,48,Private,Widowed,76466.64,Female,48
8965429,32,NA,Married,89508.17,Female,20
8970554,51,PSLocal,Married,31754.77,Male,40
8972540,33,Private,Married,33042.03,Male,45
8974452,61,PSLocal,Married,30331.18,Male,42
8975120,31,Private,Married,23874.25,Male,50
8983264,37,Private,Divorced,66208.15,Male,50
8989289,24,PSFederal,Absent,83677.12,Female,40
8989799,25,PSLocal,Absent,71379.99,Female,40
8992124,28,Private,Absent,96723.42,Male,55
8993986,29,PSLocal,Absent,99433.23,Male,48
9012618,37,PSLocal,Married,240000.62,Female,40
9014829,39,Private,Absent,234458.87,Female,40
9017565,57,SelfEmp,Unmarried,78487.59,Male,60
9019764,54,Private,Married,52853.51,Male,40
9022004,29,Private,Married,23718.47,Male,50
9024460,59,NA,Divorced,32594.61,Male,8
9026309,20,Private,Married,20873.96,Male,20
9033325,42,Private,Unmarried,118691.41,Male,40
9045409,48,Private,Married,45432.97,Male,50
9067502,45,Private,Divorced,233344.97,Male,40
9074213,20,Private,Absent,228650,Male,20
9077768,55,Private,Divorced,274368.49,Female,40
9091196,33,Private,Absent,142528.17,Male,20
9095709,29,Private,Married,43062.27,Male,40
9098926,37,Private,Married,44271.1,Male,40
9122533,68,NA,Divorced,55370.84,Female,20
9126219,38,Private,Divorced,66808.94,Male,40
9127765,61,Private,Widowed,78161.84,Female,21
9128235,31,Private,Absent,209072.7,Male,50
9132853,24,Private,Absent,114400.18,Female,40
9137391,31,SelfEmp,Married,13353.45,Male,50
9144458,17,Private,Absent,142371.67,Female,15
9151219,68,Private,Divorced,25748.68,Female,40
9158086,34,Private,Married,20632.31,Male,50
9159682,46,Private,Unmarried,61254.08,Male,42
9161420,38,Private,Married,33483.98,Male,55
9172493,51,SelfEmp,Unmarried,50492.45,Female,40
9176992,60,Consultant,Absent,154705.59,Male,42
9182323,49,Private,Married,51847.25,Male,17
9191139,47,Consultant,Married,49069.97,Male,60
9199367,25,NA,Married,19814.07,Male,40
9209071,53,Private,Divorced,104338.96,Male,55
9211248,40,Private,Married,30194.57,Male,55
9212916,26,PSLocal,Absent,69007.71,Male,40
9213352,32,Private,Absent,74859.57,Male,40
9216019,55,Consultant,Married,33803.72,Male,50
9223095,22,Private,Absent,124753.78,Male,40
9227421,44,Private,Married,11814.61,Male,35
9238220,59,Private,Married,43930.77,Male,40
9241631,50,Consultant,Married,55799.59,Male,50
9259774,39,Private,Married,25320.87,Male,38
9261453,20,Private,Absent,140040.31,Male,28
9261812,41,PSLocal,Absent,110633.95,Female,70
9267087,24,Private,Absent,150730.43,Male,20
9270975,39,Private,Divorced,94188.68,Male,40
9271368,21,Private,Married,79611.59,Male,40
9272274,17,Private,Absent,233991.23,Female,13
9276827,38,Private,Married,26171.75,Male,45
9280215,29,Private,Absent,28958.24,Male,48
9285336,34,Private,Absent,43357.42,Female,36
9303456,62,Private,Married,34262.01,Male,40
9304968,33,Private,Married,87725.56,Female,45
9319732,22,Private,Absent,38259.45,Male,40
9324773,35,Private,Married,31952.02,Male,80
9332410,42,Private,Married,46002.84,Male,40
9337192,42,Private,Married,18918.36,Male,40
9339817,58,Consultant,Married,59042,Male,55
9342925,22,Private,Absent,60209.96,Female,25
9345464,60,PSLocal,Married,3014.74,Male,60
9346314,27,Private,Absent,121520.87,Male,24
9351595,27,Private,Married,51515.54,Male,40
9351856,31,Private,Absent,103482.55,Male,18
9378534,34,Private,Married-spouse-absent,104566.67,Female,35
9383615,56,Private,Married,13057.35,Male,48
9392735,23,Private,Unmarried,155890.97,Female,48
9394271,57,SelfEmp,Married,31747.82,Male,40
9400516,50,Private,Married,33440.91,Male,40
9407135,52,Private,Married-spouse-absent,23160.66,Male,50
9409923,53,Private,Divorced,48911.48,Female,40
9425169,21,Private,Absent,219075.39,Female,32
9428187,57,Private,Widowed,42470.4,Female,35
9433986,49,Private,Married,34724.16,Male,45
9437494,32,Private,Married,54605.61,Male,40
9445108,49,Private,Married,170159.13,Female,40
9446884,38,Private,Married,162800.09,Female,40
9448268,60,Private,Married,19182.6,Male,16
9449292,22,Private,Married,44370.01,Male,55
9454649,67,SelfEmp,Married,47593.85,Male,40
9461429,26,Private,Absent,88260.51,Male,20
9466933,17,PSFederal,Absent,53034.17,Female,40
9467450,67,NA,Married,35411.77,Male,20
9470914,38,Private,Married,12642.83,Male,40
9472845,30,Private,Married,28248.62,Male,40
9489785,36,PSLocal,Married,50548.68,Male,50
9490694,22,Private,Absent,116599.3,Male,80
9492282,49,Private,Divorced,63067.11,Male,40
9494321,49,SelfEmp,Married,37530.82,Male,60
9496496,23,Private,Absent,134026.54,Male,36
9496704,28,PSLocal,Married,49018.21,Male,40
9498803,59,Private,Married,119559.14,Female,16
9499787,21,Private,Absent,22041.96,Male,40
9500110,47,Private,Married-spouse-absent,55555.13,Male,45
9500271,64,SelfEmp,Married,47752.34,Male,10
9500292,25,Private,Married,273503.75,Female,40
9517875,28,Private,Married,26988.92,Male,45
9522097,57,Consultant,Married,40963.38,Male,45
9526379,57,Private,Absent,81300.04,Female,40
9527859,26,Private,Absent,93156.39,Female,45
9532383,57,Private,Married,26617.09,Male,40
9534462,55,Private,Married,11144.16,Male,50
9538363,37,Private,Married,11180.76,Male,53
9539174,44,PSFederal,Married,16851.35,Male,40
9540165,20,Private,Absent,156308,Male,50
9547082,23,Private,Married,173514.26,Female,25
9547523,33,Private,Married,26138.85,Male,65
9558590,22,Private,Absent,183027.36,Male,34
9564927,26,Private,Absent,33742.92,Female,30
9571397,27,Private,Divorced,107597.36,Male,38
9573625,67,NA,Absent,44937.22,Female,35
9577493,57,Private,Married,41397.34,Male,60
9582473,27,PSLocal,Married,57082.91,Male,68
9583272,56,Private,Married,31904.07,Male,40
9588924,33,Private,Married,40009.78,Male,50
9589254,42,Private,Married,25532.39,Male,45
9590451,21,Private,Absent,92413.46,Female,40
9591727,31,Consultant,Married,58473.08,Male,40
9598356,58,Private,Divorced,95109.38,Male,50
9600120,21,Private,Absent,51781.5,Female,30
9604976,41,Private,Married,29182.56,Male,52
9606028,28,Consultant,Absent,101707.48,Male,60
9624294,29,Private,Absent,154442.07,Male,40
9625954,21,Private,Absent,171878.03,Female,60
9631633,41,Private,Unmarried,199258.2,Female,30
9632153,26,Private,Absent,105372.12,Male,80
9634399,18,NA,Absent,180335.08,Male,10
9640016,54,Private,Divorced,94127.31,Female,38
9650442,31,Private,Divorced,108894.89,Male,50
9653024,60,Consultant,Married,230440.99,Female,25
9653292,28,Private,Unmarried,61076.04,Female,50
9660484,61,Consultant,Married,40922.79,Male,20
9660642,36,Private,Married,49119.89,Male,50
9661022,43,Private,Married,25844.57,Male,40
9661220,51,Consultant,Divorced,111275.28,Male,40
9670418,33,Private,Absent,63012.31,Male,40
9673398,45,Private,Married,33055.28,Male,50
9680231,28,Private,Absent,91545.36,Female,40
9680364,55,Private,Married,33493.58,Male,50
9681070,31,Private,Married,22651.21,Male,40
9688736,30,Private,Absent,92236.39,Male,45
9700769,32,Private,Absent,126572.84,Female,40
9702416,43,Private,Married,59350.35,Male,40
9708861,37,Private,Married,59792.76,Male,40
9708939,17,NA,Absent,195065.14,Male,40
9712693,60,Private,Married,12224.01,Male,40
9713366,40,Private,Married,58086.76,Male,55
9717671,53,Consultant,Married,37678.12,Male,45
9721504,28,Private,Married,37757.55,Male,40
9726352,41,Private,Divorced,77797.98,Male,40
9727749,26,Private,Absent,81562.92,Male,40
9732546,32,Private,Divorced,202147.56,Female,35
9733745,55,Private,Widowed,148760.26,Female,40
9734297,50,Private,Divorced,106739.42,Female,35
9742037,39,Private,Absent,194625.75,Female,40
9747618,46,Private,Married-spouse-absent,82756.91,Male,37
9748834,40,Private,Married,19608.66,Male,45
9750086,39,Private,Absent,46967.93,Male,42
9761787,57,Private,Married,37190,Male,40
9768182,39,Private,Divorced,154519.19,Female,40
9768466,53,SelfEmp,Married,253732.98,Female,50
9773292,26,PSLocal,Married,62591.86,Male,40
9776005,45,Private,Married,33317.04,Male,55
9780096,41,Private,Divorced,25002.3,Male,50
9795905,42,Private,Absent,81695.14,Male,40
9805191,23,Private,Absent,88467.13,Male,40
9813952,32,Private,Married,30967.52,Male,42
9814872,62,NA,Divorced,65917.57,Female,40
9815798,27,Private,Absent,62471.07,Male,45
9818003,90,NA,Widowed,116992.86,Male,4
9824671,47,Private,Married,53662.76,Male,40
9825375,31,Private,Divorced,48292.84,Male,40
9827618,54,Private,Married,42793.14,Male,60
9829771,18,Private,Absent,65730.21,Male,20
9836455,47,SelfEmp,Married,30278.57,Male,40
9839237,41,Private,Married,60650.09,Male,40
9844152,17,Private,Absent,80838.04,Male,20
9844729,21,Private,Absent,2164.59,Female,40
9845835,31,Private,Absent,77164.89,Female,45
9846403,27,Private,Divorced,33513.96,Male,52
9849781,41,Private,Married,43687.09,Male,50
9850835,35,Private,Absent,201566.09,Male,48
9856096,33,Private,Married,17660.36,Male,40
9856234,31,Private,Married,27154.65,Male,40
9860725,21,NA,Married,279593.02,Female,56
9862423,57,Private,Married,35863.69,Male,40
9863050,45,Private,Widowed,187277.08,Male,40
9864740,42,Private,Married,246388.78,Female,27
9868341,41,Private,Married,44503.75,Male,40
9873853,48,Private,Absent,54786.75,Female,30
9881739,39,NA,Divorced,65311.2,Female,20
9886834,33,Private,Absent,96552.26,Male,36
9887683,56,Private,Married,33984.18,Male,55
9892739,40,Private,Married,33064.02,Male,40
9894979,17,Private,Absent,194739.29,Female,25
9904402,35,Private,Absent,44416.37,Female,40
9907631,44,Private,Married,25314.83,Male,40
9907787,56,Private,Married,304680.96,Female,45
9909491,46,Private,Married,22808.31,Male,55
9910993,48,Private,Absent,190482.6,Female,35
9913609,51,Private,Absent,52618.68,Female,40
9915883,35,Private,Divorced,74662.5,Female,35
9915943,66,NA,Married,54820.12,Male,6
9918723,63,Consultant,Married,33182.77,Male,32
9921727,22,Private,Absent,91059.97,Female,35
9940396,24,Private,Absent,122563.95,Female,40
9941463,41,Private,Unmarried,68259.98,Male,40
9942558,59,SelfEmp,Married,26932.42,Male,48
9943624,17,Private,Absent,125552.47,Male,10
9951308,42,Private,Married,42519.73,Male,40
9957280,62,Private,Married,24080.59,Male,40
9964393,35,Consultant,Married,57497.3,Male,40
9972967,32,Private,Married,30538.18,Male,44
9991103,34,Private,Unmarried,113425.67,Male,45
9996101,26,Private,Absent,139984.58,Female,35
