Company,"Review
Date","Cocoa
Percent","Company
Location",Rating
A. Morin,2016,63%,France,3.75
A. Morin,2015,70%,France,2.75
A. Morin,2015,70%,France,3
A. Morin,2015,70%,France,3.5
A. Morin,2015,70%,France,3.5
A. Morin,2014,70%,France,2.75
A. Morin,2014,70%,France,3.5
A. Morin,2014,70%,France,3.5
A. Morin,2014,70%,France,3.75
A. Morin,2014,70%,France,4
A. Morin,2013,70%,France,2.75
A. Morin,2013,70%,France,3
A. Morin,2013,70%,France,3.25
A. Morin,2013,70%,France,3.75
A. Morin,2013,70%,France,2.75
A. Morin,2013,70%,France,3
A. Morin,2013,70%,France,3.25
A. Morin,2013,70%,France,4
A. Morin,2013,70%,France,3.25
A. Morin,2013,70%,France,3.5
A. Morin,2013,63%,France,4
A. Morin,2012,70%,France,3.5
A. Morin,2012,63%,France,3.75
Acalli,2015,70%,U.S.A.,3.75
Acalli,2015,70%,U.S.A.,3.75
Adi,2011,60%,Fiji,2.75
Adi,2011,80%,Fiji,3.25
Adi,2011,88%,Fiji,3.5
Adi,2011,72%,Fiji,3.5
Aequare (Gianduja),2009,55%,Ecuador,2.75
Aequare (Gianduja),2009,70%,Ecuador,3
Ah Cacao,2009,70%,Mexico,3
Akesson's (Pralus),2011,75%,Switzerland,3.75
Akesson's (Pralus),2010,75%,Switzerland,2.75
Akesson's (Pralus),2010,75%,Switzerland,2.75
Alain Ducasse,2014,65%,France,2.75
Alain Ducasse,2014,75%,France,2.75
Alain Ducasse,2014,75%,France,3
Alain Ducasse,2013,75%,France,2.5
Alain Ducasse,2013,75%,France,2.5
Alexandre,2017,70%,Netherlands,3.5
Alexandre,2017,70%,Netherlands,3.5
Alexandre,2017,70%,Netherlands,3.5
Alexandre,2017,70%,Netherlands,3.5
Altus aka Cao Artisan,2016,60%,U.S.A.,2.75
Altus aka Cao Artisan,2016,60%,U.S.A.,3
Altus aka Cao Artisan,2016,60%,U.S.A.,2.5
Altus aka Cao Artisan,2016,60%,U.S.A.,2.5
Altus aka Cao Artisan,2016,60%,U.S.A.,2.75
Altus aka Cao Artisan,2013,60%,U.S.A.,2.5
Altus aka Cao Artisan,2013,60%,U.S.A.,3
Altus aka Cao Artisan,2013,80%,U.S.A.,3.25
Altus aka Cao Artisan,2013,60%,U.S.A.,3
Altus aka Cao Artisan,2013,60%,U.S.A.,3.25
Amano,2011,70%,U.S.A.,4
Amano,2010,70%,U.S.A.,3.75
Amano,2010,70%,U.S.A.,4
Amano,2010,70%,U.S.A.,3
Amano,2009,70%,U.S.A.,3
Amano,2008,70%,U.S.A.,2.75
Amano,2007,70%,U.S.A.,3.5
Amano,2007,70%,U.S.A.,3
Amano,2007,70%,U.S.A.,3.75
Amatller (Simon Coll),2009,70%,Spain,3
Amatller (Simon Coll),2009,70%,Spain,2.75
Amatller (Simon Coll),2009,85%,Spain,2.75
Amatller (Simon Coll),2009,85%,Spain,3
Amazona,2013,72%,Peru,3.25
Amazona,2013,73%,Peru,3.5
Ambrosia,2015,64%,Canada,3
Ambrosia,2015,66%,Canada,3.25
Ambrosia,2015,75%,Canada,3.25
Ambrosia,2015,63%,Canada,3.25
Ambrosia,2015,70%,Canada,3.25
Ambrosia,2015,68%,Canada,3.5
Amedei,2012,70%,Italy,3.75
Amedei,2007,70%,Italy,4
Amedei,2007,75%,Italy,4
Amedei,2007,70%,Italy,5
Amedei,2007,70%,Italy,3
Amedei,2007,70%,Italy,3
Amedei,2007,70%,Italy,3.5
Amedei,2007,70%,Italy,3.75
Amedei,2007,70%,Italy,4
Amedei,2007,70%,Italy,3.5
Amedei,2007,63%,Italy,3.5
Amedei,2006,70%,Italy,5
Amedei,2006,66%,Italy,4
AMMA,2013,75%,Brazil,3.25
AMMA,2010,85%,Brazil,2.75
AMMA,2010,50%,Brazil,3.75
AMMA,2010,75%,Brazil,3.75
AMMA,2010,60%,Brazil,4
Anahata,2014,75%,U.S.A.,3
Animas,2016,75%,U.S.A.,3.5
Ara,2014,75%,France,3
Ara,2014,72%,France,2.5
Ara,2014,75%,France,2.75
Ara,2014,75%,France,3
Arete,2016,70%,U.S.A.,3.5
Arete,2016,70%,U.S.A.,3.75
Arete,2016,73%,U.S.A.,3.5
Arete,2016,70%,U.S.A.,3.25
Arete,2016,70%,U.S.A.,3.25
Arete,2016,70%,U.S.A.,3.5
Arete,2016,70%,U.S.A.,3.75
Arete,2016,70%,U.S.A.,3.5
Arete,2016,70%,U.S.A.,4
Arete,2016,70%,U.S.A.,4
Arete,2016,70%,U.S.A.,3.75
Arete,2016,70%,U.S.A.,3.25
Arete,2016,73%,U.S.A.,3.25
Arete,2015,70%,U.S.A.,3.5
Arete,2015,68%,U.S.A.,3.5
Arete,2015,70%,U.S.A.,3.75
Arete,2015,70%,U.S.A.,3.5
Arete,2015,70%,U.S.A.,3.75
Arete,2015,70%,U.S.A.,4
Arete,2015,75%,U.S.A.,2.75
Arete,2015,70%,U.S.A.,3.25
Arete,2015,75%,U.S.A.,3.5
Artisan du Chocolat,2013,72%,U.K.,3.25
Artisan du Chocolat,2012,72%,U.K.,3.75
Artisan du Chocolat,2011,72%,U.K.,4
Artisan du Chocolat,2011,72%,U.K.,2.75
Artisan du Chocolat,2010,100%,U.K.,1.75
Artisan du Chocolat,2010,72%,U.K.,3.75
Artisan du Chocolat,2010,72%,U.K.,3.25
Artisan du Chocolat,2010,72%,U.K.,3.25
Artisan du Chocolat,2010,72%,U.K.,3.5
Artisan du Chocolat,2009,75%,U.K.,2.5
Artisan du Chocolat,2009,72%,U.K.,2.75
Artisan du Chocolat,2009,72%,U.K.,1.75
Artisan du Chocolat,2009,80%,U.K.,3
Artisan du Chocolat,2009,75%,U.K.,3
Artisan du Chocolat,2009,72%,U.K.,3.25
Artisan du Chocolat,2008,72%,U.K.,3.75
Artisan du Chocolat (Casa Luker),2013,72%,U.K.,2.75
Askinosie,2016,68%,U.S.A.,3.75
Askinosie,2011,72%,U.S.A.,3.75
Askinosie,2011,70%,U.S.A.,3.75
Askinosie,2009,77%,U.S.A.,3.75
Askinosie,2007,75%,U.S.A.,2.5
Askinosie,2007,70%,U.S.A.,3
Bahen & Co.,2015,80%,Australia,3.25
Bahen & Co.,2015,70%,Australia,3.5
Bahen & Co.,2012,70%,Australia,3
Bahen & Co.,2012,70%,Australia,2.5
Bahen & Co.,2012,70%,Australia,2.5
Bakau,2015,70%,Peru,2.75
Bakau,2015,70%,Peru,3.5
Bar Au Chocolat,2015,70%,U.S.A.,3.5
Bar Au Chocolat,2014,70%,U.S.A.,4
Bar Au Chocolat,2012,70%,U.S.A.,3.25
Bar Au Chocolat,2012,70%,U.S.A.,3.5
Bar Au Chocolat,2012,70%,U.S.A.,3.75
Baravelli's,2012,80%,Wales,2.75
Batch,2016,65%,U.S.A.,3.5
Batch,2016,70%,U.S.A.,3.75
Batch,2016,65%,U.S.A.,3.25
Beau Cacao,2017,73%,U.K.,3
Beau Cacao,2017,72%,U.K.,3.25
Beehive,2016,80%,U.S.A.,2.75
Beehive,2016,70%,U.S.A.,2.75
Beehive,2016,70%,U.S.A.,2.75
Beehive,2016,90%,U.S.A.,2.75
Belcolade,2010,64%,Belgium,2.75
Belcolade,2010,64%,Belgium,2.75
Belcolade,2010,64%,Belgium,2.75
Belcolade,2010,71%,Belgium,3.5
Bellflower,2016,70%,U.S.A.,3.5
Bellflower,2016,70%,U.S.A.,3.25
Bellflower,2016,70%,U.S.A.,3.5
Belyzium,2016,83%,Germany,2.75
Belyzium,2016,78%,Germany,3
Belyzium,2016,83%,Germany,3.5
Benoit Nihant,2013,74%,Belgium,3.5
Benoit Nihant,2013,74%,Belgium,3.5
Benoit Nihant,2013,74%,Belgium,3.5
Benoit Nihant,2013,73%,Belgium,4
Benoit Nihant,2011,72%,Belgium,4
Benoit Nihant,2011,72%,Belgium,3.75
Bernachon,2012,55%,France,2.75
Beschle (Felchlin),2011,64%,Switzerland,3
Beschle (Felchlin),2011,88%,Switzerland,3
Beschle (Felchlin),2011,72%,Switzerland,3.5
Beschle (Felchlin),2011,72%,Switzerland,4
Beschle (Felchlin),2010,70%,Switzerland,3.25
Beschle (Felchlin),2010,74%,Switzerland,3.25
Beschle (Felchlin),2010,64%,Switzerland,3.5
Beschle (Felchlin),2010,72%,Switzerland,3.5
Bisou,2015,76%,U.S.A.,2.5
Bisou,2015,76%,U.S.A.,2.5
Bisou,2015,78%,U.S.A.,2.5
Bisou,2015,86%,U.S.A.,3.25
Bittersweet Origins,2012,72%,U.S.A.,3.5
Bittersweet Origins,2010,75%,U.S.A.,3.25
Bittersweet Origins,2010,70%,U.S.A.,3.75
Bittersweet Origins,2010,65%,U.S.A.,2.75
Bittersweet Origins,2010,70%,U.S.A.,3
Bittersweet Origins,2010,78%,U.S.A.,3
Bittersweet Origins,2009,75%,U.S.A.,3
Bittersweet Origins,2009,65%,U.S.A.,3.5
Bittersweet Origins,2009,75%,U.S.A.,3.25
Bittersweet Origins,2009,65%,U.S.A.,3.5
Bittersweet Origins,2008,71%,U.S.A.,3
Bittersweet Origins,2008,75%,U.S.A.,3.5
Bittersweet Origins,2008,68%,U.S.A.,3.75
Bittersweet Origins,2008,70%,U.S.A.,3
Black Mountain,2008,70%,U.S.A.,2.75
Black Mountain,2008,70%,U.S.A.,2.75
Black Mountain,2008,70%,U.S.A.,3
Black River (A. Morin),2014,70%,U.K.,2.75
Blanxart,2013,82%,Spain,3.5
Blanxart,2009,72%,Spain,2.75
Blue Bandana,2016,82%,U.S.A.,3.5
Blue Bandana,2016,75%,U.S.A.,2.75
Blue Bandana,2016,75%,U.S.A.,3.5
Blue Bandana,2016,75%,U.S.A.,3
Blue Bandana,2012,70%,U.S.A.,3.5
Blue Bandana,2012,70%,U.S.A.,3.75
Bonnat,2016,75%,France,3.5
Bonnat,2014,75%,France,4
Bonnat,2014,75%,France,3.25
Bonnat,2014,65%,France,3.75
Bonnat,2013,75%,France,3.5
Bonnat,2013,75%,France,3.25
Bonnat,2011,75%,France,3.5
Bonnat,2011,75%,France,3.5
Bonnat,2011,75%,France,3.5
Bonnat,2011,75%,France,3.75
Bonnat,2011,75%,France,4
Bonnat,2011,75%,France,4
Bonnat,2011,75%,France,3.5
Bonnat,2011,75%,France,3.25
Bonnat,2009,75%,France,3
Bonnat,2009,75%,France,2.75
Bonnat,2009,75%,France,3
Bonnat,2009,75%,France,3
Bonnat,2008,75%,France,4
Bonnat,2007,75%,France,2.5
Bonnat,2006,75%,France,3.75
Bonnat,2006,75%,France,4
Bonnat,2006,75%,France,4
Bonnat,2006,75%,France,4
Bonnat,2006,100%,France,1.5
Bonnat,2006,75%,France,3
Bonnat,2006,75%,France,4
Bouga Cacao (Tulicorp),2009,77%,Ecuador,3.25
Bouga Cacao (Tulicorp),2009,100%,Ecuador,1.5
Bowler Man,2014,70%,U.S.A.,2.75
Bowler Man,2014,70%,U.S.A.,2.75
Brasstown aka It's Chocolate,2016,70%,U.S.A.,3.5
Brasstown aka It's Chocolate,2016,70%,U.S.A.,3.75
Brasstown aka It's Chocolate,2015,68%,U.S.A.,3.75
Brasstown aka It's Chocolate,2014,70%,U.S.A.,3.75
Brasstown aka It's Chocolate,2014,70%,U.S.A.,4
Brasstown aka It's Chocolate,2013,72%,U.S.A.,3
Brasstown aka It's Chocolate,2013,70%,U.S.A.,3.25
Brasstown aka It's Chocolate,2013,75%,U.S.A.,3.5
Brasstown aka It's Chocolate,2013,85%,U.S.A.,3.5
Brazen,2015,60%,U.S.A.,3
Brazen,2015,80%,U.S.A.,3.25
Brazen,2015,70%,U.S.A.,3.5
Brazen,2015,80%,U.S.A.,2.75
Brazen,2015,80%,U.S.A.,3.25
Brazen,2015,60%,U.S.A.,3.25
Breeze Mill,2013,70%,U.S.A.,3
Bright,2014,72%,Australia,3
Bright,2014,70%,Australia,3.5
Bright,2014,72%,Australia,3.5
Bright,2014,68%,Australia,2.75
Britarev,2015,70%,Russia,3.25
Bronx Grrl Chocolate,2013,68%,U.S.A.,2.75
Burnt Fork Bend,2014,72%,U.S.A.,3.25
Burnt Fork Bend,2014,72%,U.S.A.,3.5
Burnt Fork Bend,2014,72%,U.S.A.,3.25
Burnt Fork Bend,2014,72%,U.S.A.,3.25
Burnt Fork Bend,2014,60%,U.S.A.,2.5
Cacao Arabuco,2015,70%,Puerto Rico,2.5
Cacao Atlanta,2014,75%,U.S.A.,2.5
Cacao Atlanta,2010,75%,U.S.A.,2.5
Cacao Atlanta,2010,75%,U.S.A.,2.75
Cacao Atlanta,2010,75%,U.S.A.,2.25
Cacao Barry,2016,65%,France,3.5
Cacao Barry,2010,70%,France,3
Cacao Barry,2008,75%,France,2
Cacao Barry,2007,72%,France,2
Cacao Barry,2007,66%,France,3
Cacao de Origen,2015,77%,Venezuela,3.5
Cacao de Origen,2015,75%,Venezuela,3.25
Cacao de Origen,2014,75%,Venezuela,2.5
Cacao de Origen,2014,74%,Venezuela,3.25
Cacao de Origen,2014,75%,Venezuela,3.5
Cacao de Origen,2014,70%,Venezuela,3.75
Cacao de Origin,2015,74%,Venezuela,3.25
Cacao Hunters,2016,71%,Colombia,3.75
Cacao Hunters,2016,74%,Colombia,3.75
Cacao Hunters,2015,72%,Colombia,3.75
Cacao Hunters,2014,64%,Colombia,3.5
Cacao Hunters,2014,70%,Colombia,3.5
Cacao Hunters,2014,69%,Colombia,2.75
Cacao Hunters,2014,70%,Colombia,3.25
Cacao Market,2016,70%,U.S.A.,3.5
Cacao Prieto,2012,72%,U.S.A.,3.75
Cacao Prieto,2011,72%,U.S.A.,3
Cacao Prieto,2011,66%,U.S.A.,3.75
Cacao Prieto,2011,65%,U.S.A.,3.25
Cacao Sampaka,2016,70%,Spain,3.5
Cacao Sampaka,2010,71%,Spain,3.5
Cacao Sampaka,2010,71%,Spain,3.75
Cacao Sampaka,2010,71%,Spain,4
Cacao Sampaka,2010,71%,Spain,3.25
Cacao Sampaka,2010,71%,Spain,3.5
Cacao Sampaka,2010,77%,Spain,3.5
Cacao Sampaka,2009,70%,Spain,4
Cacao Sampaka,2009,70%,Spain,4
Cacao Store,2015,70%,Japan,3
Cacao Store,2015,70%,Japan,3.25
Cacao Store,2015,70%,Japan,3.5
Cacaosuyo (Theobroma Inversiones),2013,70%,Peru,3.25
Cacaoyere (Ecuatoriana),2008,63%,Ecuador,3.5
Cacaoyere (Ecuatoriana),2008,71%,Ecuador,3.5
Cacaoyere (Ecuatoriana),2008,82%,Ecuador,2.5
Cacaoyere (Ecuatoriana),2008,91%,Ecuador,1.5
Callebaut,2008,60%,Belgium,2.75
Callebaut,2007,70%,Belgium,1
C-Amaro,2014,75%,Italy,2.5
C-Amaro,2014,72%,Italy,3
C-Amaro,2014,70%,Italy,3.5
C-Amaro,2013,100%,Italy,3.5
C-Amaro,2012,80%,Italy,3
C-Amaro,2011,78%,Italy,2.25
C-Amaro,2011,70%,Italy,2.5
Cao,2016,75%,U.S.A.,2.5
Cao,2016,73%,U.S.A.,2.75
Cao,2016,70%,U.S.A.,3
Cao,2016,75%,U.S.A.,3
Cao,2016,70%,U.S.A.,3.25
Caoni (Tulicorp),2008,77%,Ecuador,2
Caoni (Tulicorp),2008,77%,Ecuador,2.5
Caoni (Tulicorp),2008,77%,Ecuador,2.75
Caoni (Tulicorp),2008,55%,Ecuador,3
Caoni (Tulicorp),2008,55%,Ecuador,3.25
Caoni (Tulicorp),2008,55%,Ecuador,3.5
Captain Pembleton,2014,70%,New Zealand,3.5
Captain Pembleton,2014,70%,New Zealand,3.75
Caribeans,2015,72%,Costa Rica,3.5
Caribeans,2015,72%,Costa Rica,3.25
Caribeans,2015,72%,Costa Rica,3.5
Caribeans,2012,72%,Costa Rica,3
Caribeans,2012,80%,Costa Rica,2.75
Carlotta Chocolat,2016,65%,Colombia,3
Carlotta Chocolat,2016,65%,Colombia,3.25
Carlotta Chocolat,2016,65%,Colombia,3.25
Carlotta Chocolat,2016,65%,Colombia,3.5
Carlotta Chocolat,2016,65%,Colombia,3.5
Castronovo,2016,72%,U.S.A.,4
Castronovo,2015,72%,U.S.A.,3.5
Castronovo,2015,70%,U.S.A.,3.75
Castronovo,2015,72%,U.S.A.,3.5
Castronovo,2014,72%,U.S.A.,3.5
Castronovo,2014,76%,U.S.A.,3.5
Castronovo,2014,70%,U.S.A.,2.75
Castronovo,2013,70%,U.S.A.,3
Castronovo,2013,73%,U.S.A.,3.5
Castronovo,2013,70%,U.S.A.,2.5
Castronovo,2013,70%,U.S.A.,3.25
Castronovo,2013,72%,U.S.A.,3.25
Castronovo,2013,70%,U.S.A.,2.75
Castronovo,2013,72%,U.S.A.,3
Cello,2014,70%,U.S.A.,2.5
Cello,2014,70%,U.S.A.,2.75
Cello,2014,70%,U.S.A.,2.75
Cello,2014,70%,U.S.A.,3
Cemoi,2009,72%,France,2.75
Chaleur B,2014,70%,Canada,2.75
Charm School,2016,70%,U.S.A.,3.25
Chchukululu (Tulicorp),2010,55%,Ecuador,2.75
Chchukululu (Tulicorp),2008,75%,Ecuador,3
Chequessett,2014,70%,U.S.A.,3.5
Chloe Chocolat,2011,70%,France,3.5
Chocablog,2015,70%,U.K.,3.25
Choco Del Sol,2014,75%,Germany,3
Choco Del Sol,2014,82%,Germany,3.25
Choco Dong,2015,70%,South Korea,2.75
Choco Dong,2015,70%,South Korea,3.5
Chocolarder,2015,65%,U.K.,2.5
Chocolarder,2015,65%,U.K.,2.75
Chocolarder,2015,80%,U.K.,2.5
Chocola'te,2011,70%,U.S.A.,3.75
Chocola'te,2011,68%,U.S.A.,3.75
Chocolate Alchemist-Philly,2016,90%,U.S.A.,2.5
Chocolate Alchemist-Philly,2016,80%,U.S.A.,2.5
Chocolate Con Amor,2016,70%,U.S.A.,2.5
Chocolate Con Amor,2016,70%,U.S.A.,2.75
Chocolate Con Amor,2016,60%,U.S.A.,3
Chocolate Con Amor,2016,75%,U.S.A.,3
Chocolate Con Amor,2016,80%,U.S.A.,3
Chocolate Con Amor,2016,70%,U.S.A.,3.25
Chocolate Con Amor,2016,80%,U.S.A.,2.75
Chocolate Conspiracy,2014,74%,U.S.A.,2.75
Chocolate Makers,2015,75%,Amsterdam,3.25
Chocolate Makers,2015,68%,Amsterdam,3.5
Chocolate Makers,2015,80%,Amsterdam,3.75
"Chocolate Tree, The",2015,69%,Scotland,3.75
"Chocolate Tree, The",2015,80%,Scotland,3.75
"Chocolate Tree, The",2013,70%,Scotland,3.75
"Chocolate Tree, The",2012,82%,Scotland,2.5
"Chocolate Tree, The",2012,68%,Scotland,2.75
"Chocolate Tree, The",2012,72%,Scotland,3.25
Chocolats Privilege,2014,70%,Canada,2.5
ChocoReko,2015,77%,Japan,3
Chocosol,2011,65%,Canada,3.25
Chocovic,2010,71%,Spain,3.25
Chocovic,2010,71%,Spain,3.5
Chocovic,2009,60%,Spain,3.25
Chocovic,2009,75%,Spain,3.25
Chocovic,2008,71%,Spain,3.5
Chocovic,2007,71%,Spain,2.5
Chocovic,2007,71%,Spain,2.5
Chocovic,2007,70%,Spain,3
Chocovivo,2015,65%,U.S.A.,2.5
Chocovivo,2015,75%,U.S.A.,2.5
Choklat,2009,80%,Canada,2.5
Choklat,2009,70%,Canada,2.75
Choklat,2009,70%,Canada,3
Choklat,2009,80%,Canada,3
Choklat,2009,70%,Canada,3
Chokolat Elot (Girard),2013,42%,Martinique,2.75
Choocsol,2016,75%,Canada,3.25
Christopher Morel (Felchlin),2011,68%,Canada,3.75
Chuao Chocolatier,2009,61%,U.S.A.,3
Chuao Chocolatier (Pralus),2010,77%,U.S.A.,2.75
Claudio Corallo,2010,73.50%,Sao Tome,3.75
Claudio Corallo,2008,80%,Sao Tome,3
Claudio Corallo,2008,75%,Sao Tome,4
Claudio Corallo,2008,100%,Sao Tome,1
Cloudforest,2015,73%,U.S.A.,3.5
Coleman & Davis,2015,75%,U.S.A.,3
Compania de Chocolate (Salgado),2010,70%,Argentina,3.25
Compania de Chocolate (Salgado),2008,80%,Argentina,2.75
Compania de Chocolate (Salgado),2008,72%,Argentina,3.25
Compania de Chocolate (Salgado),2008,70%,Argentina,3.75
Compania de Chocolate (Salgado),2008,88%,Argentina,2.75
Condor,2015,76%,U.S.A.,3.5
Confluence,2016,78%,U.S.A.,2.75
Coppeneur,2013,65%,Germany,3.25
Coppeneur,2012,85%,Germany,3.5
Coppeneur,2012,100%,Germany,1.5
Coppeneur,2012,72%,Germany,3.75
Coppeneur,2012,70%,Germany,3.5
Coppeneur,2010,72%,Germany,3.25
Coppeneur,2010,70%,Germany,3
Coppeneur,2010,72%,Germany,2.5
Coppeneur,2010,72%,Germany,3
Coppeneur,2010,72%,Germany,3.25
Coppeneur,2010,72%,Germany,3.25
Coppeneur,2009,72%,Germany,3
Coppeneur,2009,62%,Germany,3.25
Coppeneur,2009,70%,Germany,3.5
Coppeneur,2009,70%,Germany,3.75
Coppeneur,2008,72%,Germany,3
Coppeneur,2008,72%,Germany,3
Coppeneur,2007,72%,Germany,3
Cote d' Or (Kraft),2006,70%,Belgium,1
Cravve,2014,70%,Australia,2.5
Cravve,2014,83%,Australia,2.75
Cravve,2012,75%,Australia,3.25
Cravve,2012,65%,Australia,3.25
Cravve,2012,67%,Australia,3.25
Cravve,2012,64%,Australia,3.25
Cravve,2012,75%,Australia,3.5
Creo,2016,85%,U.S.A.,3.25
Creo,2016,73%,U.S.A.,3.75
Daintree,2015,70%,Australia,2.75
Daintree,2011,70%,Australia,3.25
Dalloway,2017,72%,U.S.A.,2.75
Damson,2015,70%,U.K.,3
Damson,2015,70%,U.K.,3.5
Damson,2015,70%,U.K.,2.25
Damson,2015,70%,U.K.,2.75
Dandelion,2016,70%,U.S.A.,3.75
Dandelion,2015,70%,U.S.A.,3
Dandelion,2014,70%,U.S.A.,3.5
Dandelion,2014,70%,U.S.A.,3.5
Dandelion,2014,70%,U.S.A.,2.75
Dandelion,2014,70%,U.S.A.,3.75
Dandelion,2013,70%,U.S.A.,2.75
Dandelion,2013,70%,U.S.A.,3.25
Dandelion,2013,70%,U.S.A.,3.5
Dandelion,2013,70%,U.S.A.,3.5
Dandelion,2012,70%,U.S.A.,3
Dandelion,2012,70%,U.S.A.,3.25
Dandelion,2012,70%,U.S.A.,3.75
Dandelion,2011,70%,U.S.A.,3.25
Dandelion,2011,70%,U.S.A.,3.25
Dandelion,2011,70%,U.S.A.,3.25
Danta,2014,82%,Guatemala,3.25
Danta,2012,75%,Guatemala,3
Danta,2012,70%,Guatemala,3.75
Danta,2012,70%,Guatemala,3.75
Danta,2012,70%,Guatemala,4
Danta,2012,70%,Guatemala,3.25
Danta,2011,60%,Guatemala,3.5
Danta,2009,75%,Guatemala,3
Danta,2009,60%,Guatemala,3.25
DAR,2016,72%,U.S.A.,2.75
DAR,2016,72%,U.S.A.,3
DAR,2016,70%,U.S.A.,3.25
Dark Forest,2016,75%,U.S.A.,3.25
Dark Forest,2015,70%,U.S.A.,3
Dark Forest,2015,70%,U.S.A.,3.25
Dark Forest,2015,70%,U.S.A.,3
Dark Forest,2015,70%,U.S.A.,3.25
Davis,2013,70%,U.S.A.,2.5
Davis,2013,70%,U.S.A.,2.75
Davis,2013,70%,U.S.A.,2.75
Davis,2012,58%,U.S.A.,3.25
De Mendes,2015,72%,Brazil,3.5
De Mendes,2015,65%,Brazil,3.5
De Villiers,2016,70%,South Africa,2.5
De Villiers,2016,70%,South Africa,3
Dean and Deluca (Belcolade),2007,66%,U.S.A.,2.5
Dean and Deluca (Belcolade),2007,64%,U.S.A.,3
Dean and Deluca (Belcolade),2007,71%,U.S.A.,3
Dean and Deluca (Belcolade),2007,60%,U.S.A.,3
Dean and Deluca (Belcolade),2007,64%,U.S.A.,3
Dean and Deluca (Belcolade),2007,64%,U.S.A.,3
Debauve & Gallais (Michel Cluizel),2009,64%,France,3
Debauve & Gallais (Michel Cluizel),2008,66%,France,3.75
Desbarres,2016,72%,Canada,2.5
DeVries,2008,80%,U.S.A.,2.75
DeVries,2007,77%,U.S.A.,3.5
DeVries,2007,77%,U.S.A.,3.5
Dick Taylor,2017,70%,U.S.A.,3.75
Dick Taylor,2016,78%,U.S.A.,3.5
Dick Taylor,2015,70%,U.S.A.,3.75
Dick Taylor,2014,74%,U.S.A.,3.5
Dick Taylor,2013,70%,U.S.A.,3.25
Dick Taylor,2013,76%,U.S.A.,3.5
Dick Taylor,2012,75%,U.S.A.,2.75
Dick Taylor,2012,72%,U.S.A.,2.75
Dick Taylor,2011,80%,U.S.A.,2.75
Dick Taylor,2011,72%,U.S.A.,3
Dick Taylor,2011,75%,U.S.A.,2.75
Dick Taylor,2011,74%,U.S.A.,3
Dick Taylor,2011,70%,U.S.A.,3.25
Doble & Bignall,2015,85%,U.K.,3
Doble & Bignall,2014,72%,U.K.,3.25
Doble & Bignall,2014,72%,U.K.,3.25
Doble & Bignall,2014,72%,U.K.,3.5
Dole (Guittard),2009,70%,U.S.A.,3.75
Dolfin (Belcolade),2008,88%,Belgium,3
Dolfin (Belcolade),2006,70%,Belgium,1.5
Domori,2015,70%,Italy,3.75
Domori,2015,70%,Italy,3.75
Domori,2013,100%,Italy,3
Domori,2012,70%,Italy,3.5
Domori,2012,70%,Italy,3.75
Domori,2011,70%,Italy,3.5
Domori,2010,70%,Italy,3
Domori,2008,70%,Italy,3
Domori,2008,70%,Italy,3
Domori,2008,78%,Italy,3.5
Domori,2008,70%,Italy,3.75
Domori,2007,70%,Italy,4
Domori,2007,75%,Italy,3.25
Domori,2007,60%,Italy,3.25
Domori,2007,70%,Italy,3.5
Domori,2007,70%,Italy,3.5
Domori,2007,70%,Italy,3.75
Domori,2007,70%,Italy,4
Domori,2007,70%,Italy,4
Domori,2006,70%,Italy,3
Domori,2006,70%,Italy,3.25
Domori,2006,70%,Italy,3.5
Dormouse,2016,75%,U.K.,2.75
Dormouse,2015,70%,U.K.,2.5
Dormouse,2015,80%,U.K.,2.75
Dormouse,2015,77%,U.K.,2.75
Duffy's,2015,70%,U.K.,4
Duffy's,2014,70%,U.K.,3.5
Duffy's,2014,76%,U.K.,3.75
Duffy's,2012,72%,U.K.,3.75
Duffy's,2011,72%,U.K.,3.75
Duffy's,2011,65%,U.K.,3.5
Duffy's,2011,72%,U.K.,3
Duffy's,2011,71%,U.K.,3.25
Duffy's,2011,71%,U.K.,3.5
Duffy's,2010,70%,U.K.,3.5
Duffy's,2010,72%,U.K.,3.75
Duffy's,2010,70%,U.K.,2.5
Duffy's,2010,70%,U.K.,3.75
Dulcinea,2015,70%,U.S.A.,3.25
Durand,2012,82%,France,2.75
Durci,2015,70%,U.S.A.,3.5
Durci,2015,70%,U.S.A.,3.5
Durci,2015,70%,U.S.A.,3.25
Durci,2015,70%,U.S.A.,3.25
Durci,2015,70%,U.S.A.,4
East Van Roasters,2014,70%,Canada,3.25
East Van Roasters,2014,70%,Canada,3.5
East Van Roasters,2014,70%,Canada,3.75
Eau de Rose,2016,70%,Canada,3.25
Eau de Rose,2016,70%,Canada,3.25
Eclat (Felchlin),2012,72%,U.S.A.,2.75
Edelmond,2016,68%,Germany,3
El Ceibo,2011,75%,Bolivia,3.75
El Ceibo,2008,71%,Bolivia,2.75
El Rey,2015,70%,Venezuela,3.75
El Rey,2009,60.50%,Venezuela,2.75
El Rey,2009,70%,Venezuela,3
El Rey,2008,74%,Venezuela,2.5
El Rey,2008,58%,Venezuela,2.5
El Rey,2008,61%,Venezuela,3
El Rey,2006,70%,Venezuela,2.75
Emerald Estate,2013,60%,St. Lucia,2.75
Emerald Estate,2013,70%,St. Lucia,3.25
Emily's,2015,79%,Japan,3
Emily's,2015,78%,Japan,3.5
ENNA,2016,75%,U.S.A.,3.25
Enric Rovira (Claudio Corallo),2010,80%,Spain,3.25
Erithaj (A. Morin),2014,70%,France,3.25
Erithaj (A. Morin),2014,80%,France,3
Erithaj (A. Morin),2014,74%,France,3.25
Escazu,2012,70%,U.S.A.,2.75
Escazu,2009,65%,U.S.A.,2
Escazu,2009,81%,U.S.A.,3.5
Escazu,2009,74%,U.S.A.,2.75
Escazu,2008,72%,U.S.A.,3
Ethel's Artisan (Mars),2011,55%,U.S.A.,2.5
Ethel's Artisan (Mars),2011,55%,U.S.A.,2.5
Ethel's Artisan (Mars),2011,70%,U.S.A.,2.5
Ethel's Artisan (Mars),2011,62%,U.S.A.,2.75
Ethel's Artisan (Mars),2011,62%,U.S.A.,2.5
Ethereal,2014,80%,U.S.A.,3
Ethereal,2014,80%,U.S.A.,3.5
Ethereal,2014,80%,U.S.A.,3.75
Fearless (AMMA),2010,75%,U.S.A.,2.75
Feitoria Cacao,2016,76%,Portugal,3
Feitoria Cacao,2016,76%,Portugal,2.5
Feitoria Cacao,2016,76%,Portugal,2.75
Felchlin,2010,58%,Switzerland,3.5
Felchlin,2006,62%,Switzerland,2
Felchlin,2006,74%,Switzerland,3
Felchlin,2006,64%,Switzerland,3
Felchlin,2006,65%,Switzerland,3
Felchlin,2006,72%,Switzerland,3.5
Felchlin,2006,68%,Switzerland,4
Finca,2014,65%,U.S.A.,2.25
Finca,2014,80%,U.S.A.,3
Finca,2014,70%,U.S.A.,3.25
Finca,2014,85%,U.S.A.,2.5
Forever Cacao,2014,72%,U.K.,2.75
Forteza (Cortes),2016,70%,Puerto Rico,2.75
Forteza (Cortes),2016,80%,Puerto Rico,2.75
Fossa,2016,70%,Singapore,2.75
Fossa,2016,75%,Singapore,3.5
Fossa,2016,67%,Singapore,3.75
Franceschi,2014,70%,Venezuela,3.5
Franceschi,2014,70%,Venezuela,3.75
Franceschi,2012,70%,Venezuela,3.75
Franceschi,2012,60%,Venezuela,3.5
Frederic Blondeel,2015,70%,Belgium,3.5
Frederic Blondeel,2015,75%,Belgium,3.5
Frederic Blondeel,2015,80%,Belgium,3
Frederic Blondeel,2014,60%,Belgium,3.5
Frederic Blondeel,2014,65%,Belgium,3.5
French Broad,2017,70%,U.S.A.,3.5
French Broad,2015,73%,U.S.A.,3.5
French Broad,2014,80%,U.S.A.,3
French Broad,2014,68%,U.S.A.,3.25
French Broad,2013,66%,U.S.A.,3.5
French Broad,2012,70%,U.S.A.,2.5
French Broad,2012,61%,U.S.A.,3.5
French Broad,2012,81%,U.S.A.,2
French Broad,2011,70%,U.S.A.,3.5
French Broad,2011,65%,U.S.A.,3.5
Fresco,2014,70%,U.S.A.,3
Fresco,2014,70%,U.S.A.,3.5
Fresco,2014,70%,U.S.A.,3.5
Fresco,2014,70%,U.S.A.,3.5
Fresco,2013,72%,U.S.A.,3.25
Fresco,2013,72%,U.S.A.,3.75
Fresco,2013,70%,U.S.A.,3.75
Fresco,2013,70%,U.S.A.,4
Fresco,2012,69%,U.S.A.,3.5
Fresco,2012,69%,U.S.A.,3.5
Fresco,2012,74%,U.S.A.,4
Fresco,2012,69%,U.S.A.,4
Fresco,2012,69%,U.S.A.,3
Fresco,2011,74%,U.S.A.,2.75
Fresco,2011,70%,U.S.A.,3.25
Fresco,2011,72%,U.S.A.,3.5
Fresco,2011,70%,U.S.A.,3.5
Fresco,2011,74%,U.S.A.,2.75
Fresco,2011,72%,U.S.A.,3.25
Fresco,2011,74%,U.S.A.,3
Fresco,2011,76%,U.S.A.,3.25
Fresco,2011,70%,U.S.A.,4
Fresco,2009,80%,U.S.A.,2.75
Fresco,2009,70%,U.S.A.,3
Fresco,2009,70%,U.S.A.,3.25
Fresco,2009,65%,U.S.A.,3.5
Friis Holm,2016,70%,Denmark,3.5
Friis Holm (Bonnat),2015,60%,Denmark,3
Friis Holm (Bonnat),2015,85%,Denmark,3.25
Friis Holm (Bonnat),2014,70%,Denmark,3.5
Friis Holm (Bonnat),2013,70%,Denmark,3.25
Friis Holm (Bonnat),2013,70%,Denmark,3.5
Friis Holm (Bonnat),2012,70%,Denmark,3.25
Friis Holm (Bonnat),2012,70%,Denmark,3.25
Friis Holm (Bonnat),2012,70%,Denmark,3.25
Friis Holm (Bonnat),2012,70%,Denmark,3.75
Friis Holm (Bonnat),2011,70%,Denmark,3.25
Friis Holm (Bonnat),2011,70%,Denmark,3.5
Friis Holm (Bonnat),2011,70%,Denmark,3.5
Fruition,2016,74%,U.S.A.,3.75
Fruition,2016,74%,U.S.A.,4
Fruition,2014,70%,U.S.A.,3.75
Fruition,2014,76%,U.S.A.,3
Fruition,2013,70%,U.S.A.,3.75
Fruition,2013,75%,U.S.A.,3
Fruition,2012,70%,U.S.A.,2.5
Fruition,2011,66%,U.S.A.,3.25
Fruition,2011,70%,U.S.A.,3
Garden Island,2014,85%,U.S.A.,2.5
Georgia Ramon,2015,65%,Germany,3.25
Georgia Ramon,2015,70%,Germany,4
Georgia Ramon,2015,70%,Germany,3.5
Georgia Ramon,2015,80%,Germany,3.5
Georgia Ramon,2015,75%,Germany,3.5
Glennmade,2016,70%,U.S.A.,3.5
Glennmade,2015,66%,U.S.A.,3
Goodnow Farms,2016,77%,U.S.A.,2.75
Goodnow Farms,2016,77%,U.S.A.,3.25
Goodnow Farms,2016,77%,U.S.A.,3.25
Grand Place,2011,72%,Vietnam,3
Green & Black's (ICAM),2006,70%,U.K.,2.5
Green Bean to Bar,2016,70%,Japan,3.5
Grenada Chocolate Co.,2010,82%,Grenada,3.25
Grenada Chocolate Co.,2009,60%,Grenada,2.75
Grenada Chocolate Co.,2008,71%,Grenada,2.5
Guido Castagna,2009,64%,Italy,3
Guido Castagna,2009,64%,Italy,3
Guido Castagna,2009,64%,Italy,3
Guido Castagna,2009,76%,Italy,3
Guido Castagna,2009,64%,Italy,3.25
Guittard,2015,70%,U.S.A.,3.75
Guittard,2013,65%,U.S.A.,2.75
Guittard,2013,65%,U.S.A.,2.75
Guittard,2013,65%,U.S.A.,3.25
Guittard,2013,65%,U.S.A.,3.5
Guittard,2011,72%,U.S.A.,2.75
Guittard,2011,61%,U.S.A.,3.25
Guittard,2011,72%,U.S.A.,3.25
Guittard,2010,65%,U.S.A.,3
Guittard,2009,55%,U.S.A.,3
Guittard,2009,91%,U.S.A.,3
Guittard,2009,70%,U.S.A.,3.5
Guittard,2008,65%,U.S.A.,3
Guittard,2008,64%,U.S.A.,3
Guittard,2008,65%,U.S.A.,3.5
Guittard,2007,72%,U.S.A.,3.5
Guittard,2006,65%,U.S.A.,3
Guittard,2006,65%,U.S.A.,2.5
Guittard,2006,65%,U.S.A.,3.5
Guittard,2006,65%,U.S.A.,3.5
Guittard,2006,61%,U.S.A.,3.5
Guittard,2006,61%,U.S.A.,3
Habitual,2014,80%,Canada,2.75
Habitual,2014,74%,Canada,2.75
Habitual,2014,75%,Canada,3.25
Habitual,2014,70%,Canada,3.5
Habitual,2014,65%,Canada,2.75
Habitual,2014,70%,Canada,3
Habitual,2014,80%,Canada,3
Habitual,2014,66%,Canada,3.25
Habitual,2014,100%,Canada,2
Hachez,2007,77%,Germany,2.5
Hacienda El Castillo,2014,55%,Ecuador,2.75
Hacienda El Castillo,2014,70%,Ecuador,3
Haigh,2011,70%,Australia,3
Harper Macaw,2016,85%,U.S.A.,3.25
Harper Macaw,2015,67%,U.S.A.,3
Harper Macaw,2015,77%,U.S.A.,3.5
Harper Macaw,2015,74%,U.S.A.,3.5
Heilemann,2016,64%,Germany,2.75
Heirloom Cacao Preservation (Brasstown),2016,70%,U.S.A.,3.25
Heirloom Cacao Preservation (Fruition),2016,74%,U.S.A.,3.5
Heirloom Cacao Preservation (Guittard),2014,67%,U.S.A.,3.5
Heirloom Cacao Preservation (Guittard),2014,67%,U.S.A.,3
Heirloom Cacao Preservation (Guittard),2014,67%,U.S.A.,3.75
Heirloom Cacao Preservation (Guittard),2014,67%,U.S.A.,3.75
Heirloom Cacao Preservation (Manoa),2016,72%,U.S.A.,3.5
Heirloom Cacao Preservation (Millcreek),2016,70%,U.S.A.,3.5
Heirloom Cacao Preservation (Mindo),2016,77%,U.S.A.,3.5
Heirloom Cacao Preservation (Zokoko),2016,68%,U.S.A.,3.75
Heirloom Cacao Preservation (Zokoko),2016,72%,U.S.A.,4
hello cocoa,2015,57%,U.S.A.,2.75
hello cocoa,2015,74%,U.S.A.,3.5
hexx,2015,70%,U.S.A.,2.75
hexx,2015,74%,U.S.A.,3
hexx,2015,70%,U.S.A.,3
hexx,2015,73%,U.S.A.,3.25
hexx,2015,70%,U.S.A.,3.25
Hogarth,2016,70%,New Zealand,2.75
Hogarth,2016,72%,New Zealand,2.75
Hogarth,2016,75%,New Zealand,3.25
Hogarth,2016,66%,New Zealand,3.5
Hoja Verde (Tulicorp),2009,80%,Ecuador,2
Hoja Verde (Tulicorp),2009,80%,Ecuador,2.5
Hoja Verde (Tulicorp),2009,72%,Ecuador,3
Hoja Verde (Tulicorp),2009,58%,Ecuador,3.25
Hoja Verde (Tulicorp),2009,58%,Ecuador,3.5
Holy Cacao,2016,70%,Israel,2.75
Holy Cacao,2015,70%,Israel,3.5
Holy Cacao,2015,70%,Israel,3.5
Holy Cacao,2015,70%,Israel,3.5
Holy Cacao,2015,70%,Israel,3.5
Holy Cacao,2009,70%,Israel,2.5
Holy Cacao,2009,70%,Israel,2.75
Holy Cacao,2009,70%,Israel,3.5
Holy Cacao,2009,75%,Israel,3.75
Honest,2014,72%,South Africa,2.5
Hotel Chocolat,2015,70%,U.K.,2.75
Hotel Chocolat,2013,70%,U.K.,4
Hotel Chocolat,2013,100%,U.K.,1.75
Hotel Chocolat (Coppeneur),2013,75%,U.K.,3
Hotel Chocolat (Coppeneur),2013,80%,U.K.,3.5
Hotel Chocolat (Coppeneur),2013,90%,U.K.,3
Hotel Chocolat (Coppeneur),2013,72%,U.K.,3
Hotel Chocolat (Coppeneur),2013,82%,U.K.,3.5
Hotel Chocolat (Coppeneur),2013,100%,U.K.,2.75
Hotel Chocolat (Coppeneur),2013,100%,U.K.,2.5
Hotel Chocolat (Coppeneur),2013,100%,U.K.,2.75
Hotel Chocolat (Coppeneur),2012,66%,U.K.,3.5
Hotel Chocolat (Coppeneur),2011,80%,U.K.,3
Hotel Chocolat (Coppeneur),2011,65%,U.K.,3
Hotel Chocolat (Coppeneur),2011,65%,U.K.,3.25
Hotel Chocolat (Coppeneur),2010,70%,U.K.,2.75
Hotel Chocolat (Coppeneur),2010,70%,U.K.,3
Hotel Chocolat (Coppeneur),2010,70%,U.K.,2.75
Hotel Chocolat (Coppeneur),2008,72%,U.K.,3
Hotel Chocolat (Coppeneur),2008,80%,U.K.,2.5
Hotel Chocolat (Coppeneur),2008,75%,U.K.,2.75
Hotel Chocolat (Coppeneur),2008,72%,U.K.,3
Hummingbird,2015,70%,Canada,3.5
Hummingbird,2014,70%,Canada,3
Hummingbird,2014,70%,Canada,3
Hummingbird,2014,70%,Canada,3
Hummingbird,2014,70%,Canada,3.75
Hummingbird,2014,70%,Canada,3.5
Hummingbird,2013,70%,Canada,3.25
Hummingbird,2013,70%,Canada,3.75
Idilio (Felchlin),2013,72%,Switzerland,3.75
Idilio (Felchlin),2011,72%,Switzerland,3.75
Idilio (Felchlin),2011,72%,Switzerland,3.75
Idilio (Felchlin),2011,72%,Switzerland,3.25
Idilio (Felchlin),2011,72%,Switzerland,3.75
Idilio (Felchlin),2011,74%,Switzerland,4
Idilio (Felchlin),2011,72%,Switzerland,3.5
Idilio (Felchlin),2011,70%,Switzerland,4
Idilio (Felchlin),2011,72%,Switzerland,4
Idilio (Felchlin),2011,72%,Switzerland,4
Indah,2016,61%,India,2.5
Indaphoria,2012,70%,U.S.A.,3.25
Indaphoria,2012,70%,U.S.A.,2.75
Indi,2014,77%,U.S.A.,3
iQ Chocolate,2012,72%,Scotland,2.75
iQ Chocolate,2012,72%,Scotland,3
Isidro,2014,72%,U.S.A.,3.5
Isidro,2014,72%,U.S.A.,2.25
Isidro,2014,72%,U.S.A.,3.25
Isidro,2014,72%,U.S.A.,3.25
Izard,2015,70%,U.S.A.,3.5
Izard,2015,70%,U.S.A.,2.75
Jacque Torres,2006,71%,U.S.A.,2
Jordis,2015,63%,Czech Republic,2.75
Just Good Chocolate,2014,70%,U.S.A.,3.5
Just Good Chocolate,2014,70%,U.S.A.,3.5
Just Good Chocolate,2014,70%,U.S.A.,4
Kah Kow,2013,70%,Domincan Republic,3.5
Kah Kow,2013,82%,Domincan Republic,3
Kah Kow,2013,55%,Domincan Republic,3.25
Kah Kow,2013,62%,Domincan Republic,3.25
Kakao,2012,64%,Germany,2.5
Kakao,2009,65%,Germany,3.75
Kallari (Ecuatoriana),2008,70%,Ecuador,3
Kallari (Ecuatoriana),2008,70%,Ecuador,3.5
Kallari (Ecuatoriana),2008,75%,Ecuador,2.75
Kallari (Ecuatoriana),2008,85%,Ecuador,2.5
Kallari (Ecuatoriana),2008,85%,Ecuador,2.75
Kallari (Ecuatoriana),2008,85%,Ecuador,3
Kallari (Ecuatoriana),2008,75%,Ecuador,2.5
Kallari (Ecuatoriana),2008,85%,Ecuador,3
Kaoka (Cemoi),2009,70%,France,2.75
Kaoka (Cemoi),2009,80%,France,2.75
Kerchner,2013,70%,U.S.A.,3.75
Ki' Xocolatl,2009,72%,Mexico,2
Kiskadee,2014,60%,U.S.A.,3
Kto,2014,72%,U.S.A.,2.5
Kto,2014,72%,U.S.A.,2.75
Kto,2014,72%,U.S.A.,3
Kto,2014,72%,U.S.A.,3.25
Kto,2014,90%,U.S.A.,3.25
Kto,2014,72%,U.S.A.,3.25
Kto,2014,72%,U.S.A.,3.25
K'ul,2016,70%,U.S.A.,3.25
K'ul,2016,70%,U.S.A.,2.75
K'ul,2016,70%,U.S.A.,3.75
K'ul,2016,70%,U.S.A.,3.75
Kyya,2014,72.50%,U.S.A.,2.5
Kyya,2014,72.50%,U.S.A.,3
Kyya,2014,72.50%,U.S.A.,2.5
Kyya,2014,72.50%,U.S.A.,3
L.A. Burdick (Felchlin),2012,74%,U.S.A.,3.25
L.A. Burdick (Felchlin),2012,70%,U.S.A.,4
L.A. Burdick (Felchlin),2012,68%,U.S.A.,3.75
L.A. Burdick (Felchlin),2011,74%,U.S.A.,3.75
L.A. Burdick (Felchlin),2010,75%,U.S.A.,3.25
L.A. Burdick (Felchlin),2010,74%,U.S.A.,3.75
L.A. Burdick (Felchlin),2010,71%,U.S.A.,3
L.A. Burdick (Felchlin),2009,64%,U.S.A.,3.5
L.A. Burdick (Felchlin),2009,68%,U.S.A.,3
La Chocolaterie Nanairo,2016,70%,Japan,2.25
La Chocolaterie Nanairo,2016,70%,Japan,2.5
La Chocolaterie Nanairo,2016,70%,Japan,3
La Chocolaterie Nanairo,2016,70%,Japan,3
La Maison du Chocolat (Valrhona),2013,74%,France,2.75
La Maison du Chocolat (Valrhona),2013,60%,France,3.25
La Maison du Chocolat (Valrhona),2013,56%,France,3.25
La Maison du Chocolat (Valrhona),2012,66%,France,3.5
La Maison du Chocolat (Valrhona),2011,68%,France,3.5
La Maison du Chocolat (Valrhona),2009,68%,France,3.25
La Maison du Chocolat (Valrhona),2009,69%,France,3.5
La Maison du Chocolat (Valrhona),2009,60%,France,3
La Maison du Chocolat (Valrhona),2009,60%,France,3.75
La Maison du Chocolat (Valrhona),2008,74%,France,3.5
La Oroquidea,2011,72%,Peru,2.5
La Pepa de Oro,2011,60%,Ecuador,3.25
Laia aka Chat-Noir,2015,75%,France,2.75
Laia aka Chat-Noir,2015,75%,France,2.75
Laia aka Chat-Noir,2015,75%,France,3
Laia aka Chat-Noir,2015,75%,France,3.25
Laia aka Chat-Noir,2015,75%,France,3
Laia aka Chat-Noir,2015,75%,France,3.5
Laia aka Chat-Noir,2015,75%,France,3.25
Laia aka Chat-Noir,2015,75%,France,3.75
Laia aka Chat-Noir,2014,70%,France,2.75
Laia aka Chat-Noir,2014,68%,France,2.75
Lajedo do Ouro,2012,70%,Brazil,3.5
Lake Champlain (Callebaut),2009,75%,U.S.A.,2.5
L'Amourette,2016,80%,U.S.A.,3.5
L'Amourette,2012,75%,U.S.A.,3
L'Amourette,2012,75%,U.S.A.,3
L'Amourette,2012,72%,U.S.A.,3
Letterpress,2017,70%,U.S.A.,3.5
Letterpress,2017,70%,U.S.A.,3.25
Letterpress,2016,70%,U.S.A.,3.25
Letterpress,2015,70%,U.S.A.,3.25
Letterpress,2015,70%,U.S.A.,3.5
Letterpress,2015,70%,U.S.A.,3
Letterpress,2015,70%,U.S.A.,3.25
Letterpress,2015,70%,U.S.A.,3.5
Letterpress,2014,70%,U.S.A.,3.5
Levy,2014,71%,Finland,3.5
Lilla,2016,70%,Finland,3
Lillie Belle,2012,65%,U.S.A.,3.5
Lillie Belle,2012,68%,U.S.A.,3.5
Lillie Belle,2012,68%,U.S.A.,3.75
Lillie Belle,2012,75%,U.S.A.,2.75
Lillie Belle,2012,74%,U.S.A.,3
Lillie Belle,2012,68%,U.S.A.,3.5
Lindt & Sprungli,2007,85%,Switzerland,3
Loiza,2013,65%,Puerto Rico,2.5
Lonohana,2014,70%,U.S.A.,3.75
Lonohana,2014,65%,U.S.A.,3.25
Lonohana,2014,75%,U.S.A.,3.75
Lonohana,2013,71%,U.S.A.,3
Lonohana,2013,72%,U.S.A.,3
Lonohana,2013,70%,U.S.A.,3.5
Love Bar,2015,75%,U.S.A.,2
Luker,2010,46%,Colombia,2.75
Luker,2010,60%,Colombia,3
Luker,2010,58%,Colombia,3
Luker,2010,65%,Colombia,3.5
Machu Picchu Trading Co.,2011,70%,Peru,1.5
Machu Picchu Trading Co.,2010,55%,Peru,2.25
Madecasse (Cinagra),2008,67%,Madagascar,3.5
Madecasse (Cinagra),2008,70%,Madagascar,3.75
Madecasse (Cinagra),2008,63%,Madagascar,4
Madecasse (Cinagra),2008,75%,Madagascar,3.5
Madre,2017,73%,U.S.A.,3.5
Madre,2013,70%,U.S.A.,2.75
Madre,2013,70%,U.S.A.,3.5
Madre,2013,70%,U.S.A.,2.75
Madre,2013,70%,U.S.A.,2.75
Madre,2012,70%,U.S.A.,3.25
Madre,2012,70%,U.S.A.,3.25
Madre,2012,70%,U.S.A.,3.5
Madre,2011,70%,U.S.A.,2.5
Madre,2011,70%,U.S.A.,2.75
Madre,2010,72%,U.S.A.,2.75
Maglio,2008,75%,Italy,2
Maglio,2008,70%,Italy,3
Maglio,2008,70%,Italy,3.25
Maglio,2008,70%,Italy,3.75
Majani,2010,70%,Italy,2
Malagasy (Chocolaterie Robert),2007,75%,Madagascar,2.75
Malagasy (Chocolaterie Robert),2007,73%,Madagascar,3.5
Malagos,2013,65%,Philippines,3.5
Malie Kai (Guittard),2010,55%,U.S.A.,3.5
Malie Kai (Guittard),2009,55%,U.S.A.,2.75
Malmo,2016,70%,Sweden,3
Mana,2015,74%,U.S.A.,2.5
Mana,2014,74%,U.S.A.,2.5
Mana,2014,74%,U.S.A.,2.75
Mana,2012,74%,U.S.A.,3.75
Manifesto Cacao,2014,70%,Colombia,2.75
Manoa,2015,72%,U.S.A.,3.5
Manoa,2015,72%,U.S.A.,3.75
Manoa,2013,72%,U.S.A.,3.75
Manoa,2012,72%,U.S.A.,3.25
Manoa,2012,72%,U.S.A.,2.75
Manoa,2012,72%,U.S.A.,3
Manoa,2012,72%,U.S.A.,3.25
Manufaktura Czekolady,2016,70%,Poland,3.75
Manufaktura Czekolady,2016,70%,Poland,3.5
Manufaktura Czekolady,2014,70%,Poland,3.75
Manufaktura Czekolady,2014,85%,Poland,3.5
Manufaktura Czekolady,2012,70%,Poland,3.25
Manufaktura Czekolady,2012,70%,Poland,3.5
Manufaktura Czekolady,2012,70%,Poland,3.25
Map Chocolate,2016,75%,U.S.A.,3.25
Map Chocolate,2015,70%,U.S.A.,3.5
Map Chocolate,2015,62%,U.S.A.,3.5
Map Chocolate,2015,70%,U.S.A.,3.5
Map Chocolate,2015,70%,U.S.A.,2.75
Map Chocolate,2015,70%,U.S.A.,3.5
Map Chocolate,2015,68%,U.S.A.,3.5
Map Chocolate,2015,75%,U.S.A.,2.75
Map Chocolate,2015,72%,U.S.A.,3
Map Chocolate,2015,78%,U.S.A.,3.5
Marana,2016,70%,Peru,3
Marana,2016,70%,Peru,2.75
Marana,2016,70%,Peru,3
Marigold's Finest,2016,75%,Canada,3.25
Marou,2015,85%,Vietnam,3.25
Marou,2015,68%,Vietnam,3.5
Marou,2015,70%,Vietnam,3.75
Marou,2013,75%,Vietnam,3.5
Marou,2012,76%,Vietnam,3.5
Marou,2012,72%,Vietnam,3.5
Marou,2012,70%,Vietnam,3.5
Marou,2012,78%,Vietnam,3.5
Marou,2012,80%,Vietnam,3
Marou,2012,74%,Vietnam,3.5
Mars,2010,65%,U.S.A.,3
Mars,2010,65%,U.S.A.,3
Mars,2010,65%,U.S.A.,3.25
Mars,2010,65%,U.S.A.,3.5
Marsatta,2013,74%,U.S.A.,2.25
Marsatta,2013,89%,U.S.A.,2.5
Martin Mayer,2016,76%,Austria,2.75
Martin Mayer,2016,82%,Austria,3
Martin Mayer,2016,74%,Austria,3.25
Mast Brothers,2015,76%,U.S.A.,3
Mast Brothers,2015,74%,U.S.A.,3.25
Mast Brothers,2014,75%,U.S.A.,3.75
Mast Brothers,2012,73%,U.S.A.,3.5
Mast Brothers,2012,72%,U.S.A.,2.5
Mast Brothers,2012,73%,U.S.A.,2.75
Mast Brothers,2011,72%,U.S.A.,3.5
Mast Brothers,2011,76%,U.S.A.,3
Mast Brothers,2011,70%,U.S.A.,3
Mast Brothers,2011,81%,U.S.A.,2.75
Mast Brothers,2011,70%,U.S.A.,3.5
Mast Brothers,2011,71%,U.S.A.,2.75
Mast Brothers,2011,75%,U.S.A.,3
Mast Brothers,2011,73%,U.S.A.,3.25
Mast Brothers,2011,74%,U.S.A.,3.75
Mast Brothers,2010,81%,U.S.A.,2.75
Mast Brothers,2010,75%,U.S.A.,3
Mast Brothers,2010,70%,U.S.A.,3.25
Matale,2013,72%,Australia,3.5
Matale,2013,68%,Australia,4
Matale,2013,74%,Australia,4
Matale,2013,70%,Australia,3.75
Maverick,2014,70%,U.S.A.,3.25
Maverick,2014,70%,U.S.A.,3.25
Maverick,2014,82%,U.S.A.,3.25
Maverick,2014,63%,U.S.A.,3.5
Mayacama,2016,72%,U.S.A.,3
Meadowlands,2014,70%,U.S.A.,2.5
Meadowlands,2014,70%,U.S.A.,2.75
Meadowlands,2014,70%,U.S.A.,3
Meadowlands,2014,70%,U.S.A.,3
Meadowlands,2014,70%,U.S.A.,3.5
Menakao (aka Cinagra),2012,80%,Madagascar,2.5
Menakao (aka Cinagra),2012,72%,Madagascar,2.5
Mesocacao,2015,80%,Honduras,2.75
Mesocacao,2015,70%,Honduras,3
Mesocacao,2014,80%,Honduras,3.25
Mesocacao,2014,70%,Honduras,3.5
Mesocacao,2014,70%,Honduras,3.25
Mesocacao,2014,80%,Honduras,3.5
Metiisto,2014,70%,Sweden,3
Metiisto,2014,72%,Sweden,3.5
Metropolitan,2015,70%,Amsterdam,3.5
Michel Cluizel,2012,66%,France,3.75
Michel Cluizel,2007,66%,France,3.5
Michel Cluizel,2007,67%,France,3.5
Michel Cluizel,2006,60%,France,2
Michel Cluizel,2006,85%,France,2
Michel Cluizel,2006,70%,France,3
Michel Cluizel,2006,67%,France,4
Michel Cluizel,2006,65%,France,4
Michel Cluizel,2006,64%,France,4
Michel Cluizel,2006,99%,France,2
Middlebury,2015,80%,U.S.A.,3.5
Middlebury,2015,70%,U.S.A.,3.5
Middlebury,2015,75%,U.S.A.,3.75
Middlebury,2015,75%,U.S.A.,3.75
Middlebury,2015,75%,U.S.A.,3.25
Middlebury,2015,70%,U.S.A.,3.5
Middlebury,2013,75%,U.S.A.,2.5
Middlebury,2013,80%,U.S.A.,3.25
Middlebury,2012,65%,U.S.A.,1.5
Middlebury,2012,75%,U.S.A.,2
Middlebury,2012,70%,U.S.A.,2.5
Millcreek Cacao Roasters,2013,70%,U.S.A.,2.5
Millcreek Cacao Roasters,2012,70%,U.S.A.,3.5
Mindo,2010,67%,U.S.A.,2.75
Mindo,2010,77%,U.S.A.,2.75
Minimal,2016,70%,Japan,3.5
Mission,2016,75%,Brazil,3.75
Mission,2015,70%,Brazil,3.5
Mita,2012,65%,Colombia,2.5
Moho,2013,73%,U.S.A.,3.25
Moho,2013,72%,U.S.A.,3
Moho,2010,67%,U.S.A.,2.75
Molucca,2015,70%,U.S.A.,3
Molucca,2015,70%,U.S.A.,2.75
Molucca,2015,70%,U.S.A.,3.25
Momotombo,2011,70%,Nicaragua,2.75
Momotombo,2011,70%,Nicaragua,2.75
Momotombo,2011,70%,Nicaragua,3.25
Monarque,2016,72%,Canada,3.5
Monsieur Truffe,2014,70%,Australia,3.25
Montecristi,2015,70%,Ecuador,3.25
Montecristi,2015,63%,Ecuador,3.5
Montecristi,2015,85%,Ecuador,3.5
Muchomas (Mesocacao),2015,70%,U.S.A.,3.5
Muchomas (Mesocacao),2015,80%,U.S.A.,3.5
Mutari,2016,68%,U.S.A.,2.75
Mutari,2016,71%,U.S.A.,2.75
Mutari,2016,68%,U.S.A.,2.75
Mutari,2016,80%,U.S.A.,3
Nahua,2013,58%,Costa Rica,2.5
Nahua,2013,70%,Costa Rica,3
Naive,2013,70%,Lithuania,3.75
Naive,2013,78%,Lithuania,3.75
Naive,2012,71%,Lithuania,2.5
Na�ve,2014,70%,Lithuania,3.25
Na�ve,2014,75%,Lithuania,2.75
Na�ve,2014,70%,Lithuania,3
Nanea,2013,85%,U.S.A.,3.5
Nathan Miller,2014,72%,U.S.A.,2.25
Nathan Miller,2014,70%,U.S.A.,2.5
Nathan Miller,2014,73.50%,U.S.A.,2.5
Nathan Miller,2014,70%,U.S.A.,3.5
Neuhaus (Callebaut),2010,70%,Belgium,2.5
Neuhaus (Callebaut),2008,67%,Belgium,3.75
Neuhaus (Callebaut),2007,73%,Belgium,1
Neuhaus (Callebaut),2006,73%,Belgium,2
Neuhaus (Callebaut),2006,75%,Belgium,2.75
Neuhaus (Callebaut),2006,71%,Belgium,3
Nibble,2015,72%,U.S.A.,2.25
Nibble,2015,72%,U.S.A.,2.75
Nibble,2015,72%,U.S.A.,3
Nibble,2015,72%,U.S.A.,3
Night Owl,2013,75%,U.S.A.,2.75
Night Owl,2013,75%,U.S.A.,3.5
Noble Bean aka Jerjobo,2014,75%,U.S.A.,3
Noble Bean aka Jerjobo,2014,75%,U.S.A.,3
Noble Bean aka Jerjobo,2014,75%,U.S.A.,3.25
Noir d' Ebine,2012,70%,U.S.A.,3
Noir d' Ebine,2012,70%,U.S.A.,3
Nova Monda,2012,70%,Nicaragua,3
Nova Monda,2012,75%,Niacragua,2.75
Nova Monda,2012,80%,Nicaragua,3.25
Nuance,2015,70%,U.S.A.,3.75
Nuance,2015,70%,U.S.A.,2.75
Nuance,2015,70%,U.S.A.,3
Nuance,2015,70%,U.S.A.,3.5
Nuance,2015,70%,U.S.A.,3.75
Nugali,2016,70%,Brazil,3.5
Oakland Chocolate Co.,2010,70%,U.S.A.,2.5
Obolo,2015,70%,Chile,3.75
Obolo,2015,70%,Chile,3.75
Ocelot,2015,70%,Scotland,3.75
Ocelot,2015,75%,Scotland,4
Ocho,2016,100%,New Zealand,2.75
Ocho,2016,70%,New Zealand,3.5
Ocho,2014,66%,New Zealand,2.75
Ocho,2014,70%,New Zealand,3
Ocho,2014,88%,New Zealand,3.25
Ocho,2014,74%,New Zealand,3.5
Ohiyo,2015,70%,U.S.A.,2.75
Ohiyo,2015,70%,U.S.A.,3
Oialla by Bojessen (Malmo),2011,70%,Germany,3.5
Olive and Sinclair,2010,72%,U.S.A.,3
Olive and Sinclair,2010,72%,U.S.A.,3
Olive and Sinclair,2009,67%,U.S.A.,2.75
Olive and Sinclair,2009,75%,U.S.A.,3
Olivia,2011,76%,Canada,2
Olivia,2011,76%,Canada,2.75
Olivia,2011,85%,Canada,2.75
Olivia,2011,85%,Canada,3
Omanhene,2011,80%,Ghana,2.75
Omnom,2016,70%,Iceland,3.75
Omnom,2014,70%,Iceland,3
Omnom,2014,66%,Iceland,3.5
organicfair,2013,74%,Canada,2.75
organicfair,2013,72%,Canada,2.75
organicfair,2013,72%,Canada,2.75
organicfair,2013,72%,Canada,3
organicfair,2013,72%,Canada,3
Original Beans (Felchlin),2014,68%,Switzerland,2.75
Original Beans (Felchlin),2014,80%,Switzerland,3.25
Original Beans (Felchlin),2011,66%,Switzerland,3.75
Original Beans (Felchlin),2009,70%,Switzerland,3
Original Beans (Felchlin),2009,75%,Switzerland,3
Original Beans (Felchlin),2009,68%,Switzerland,3.25
Original Hawaiin Chocolate Factory,2009,60%,U.S.A.,3
Original Hawaiin Chocolate Factory,2006,60%,U.S.A.,3
Orquidea,2012,65%,Peru,3
Orquidea,2012,72%,Peru,3
Pacari,2016,70%,Ecuador,4
Pacari,2014,70%,Ecuador,3.25
Pacari,2014,70%,Ecuador,3.5
Pacari,2014,70%,Ecuador,3.75
Pacari,2014,70%,Ecuador,4
Pacari,2012,85%,Ecuador,2.75
Pacari,2012,70%,Ecuador,4
Pacari,2011,70%,Ecuador,3.5
Pacari,2008,60%,Ecuador,2.5
Pacari,2008,65%,Ecuador,2.75
Pacari,2008,72%,Ecuador,3
Pacari,2008,100%,Ecuador,2
Pacari,2008,70%,Ecuador,3.5
Palette de Bine,2016,70%,Canada,2.75
Palette de Bine,2016,72%,Canada,3
Palette de Bine,2015,70%,Canada,3.25
Palette de Bine,2015,70%,Canada,3.25
Palette de Bine,2015,72%,Canada,3.5
Palette de Bine,2015,72%,Canada,3.75
Palette de Bine,2014,72%,Canada,2.75
Palette de Bine,2014,78%,Canada,3.75
Palette de Bine,2014,75%,Canada,2.75
Palette de Bine,2014,75%,Canada,3.5
Palette de Bine,2014,70%,Canada,3.75
Pangea,2016,76%,Spain,3
Park 75,2014,65%,U.S.A.,3.5
Parliament,2016,70%,U.S.A.,3.25
Parliament,2015,70%,U.S.A.,3.5
Parliament,2014,70%,U.S.A.,3
Parliament,2014,70%,U.S.A.,3.5
Pascha,2013,55%,Peru,2.5
Pascha,2013,70%,Peru,2.75
Patric,2011,70%,U.S.A.,3.75
Patric,2009,75%,U.S.A.,4
Patric,2009,67%,U.S.A.,3.5
Patric,2009,70%,U.S.A.,3.5
Patric,2007,70%,U.S.A.,4
Patric,2013,67%,U.S.A.,4
Paul Young,2014,73%,U.K.,2.25
Paul Young,2014,64%,U.K.,2.75
Peppalo,2015,82%,U.S.A.,3
Pierre Marcolini,2015,70%,Belgium,3.25
Pierre Marcolini,2010,75%,Belgium,3
Pierre Marcolini,2010,75%,Belgium,3.25
Pierre Marcolini,2010,78%,Belgium,3.75
Pierre Marcolini,2010,85%,Belgium,3
Pierre Marcolini,2009,72%,Belgium,3
Pierre Marcolini,2009,72%,Belgium,3
Pierre Marcolini,2007,70%,Belgium,4
Pierre Marcolini,2007,72%,Belgium,3.75
Pierre Marcolini,2007,72%,Belgium,4
Pierre Marcolini,2007,85%,Belgium,3.5
Pierre Marcolini,2006,72%,Belgium,4
Pierre Marcolini,2006,72%,Belgium,3
Pierre Marcolini,2006,72%,Belgium,4
Pinellas,2016,80%,U.S.A.,2.5
Pitch Dark,2015,62%,U.S.A.,2.5
Pitch Dark,2015,80%,U.S.A.,2.75
Pitch Dark,2015,80%,U.S.A.,2.75
Pitch Dark,2015,80%,U.S.A.,2.75
Pitch Dark,2015,80%,U.S.A.,3.25
Pitch Dark,2014,73%,U.S.A.,3.25
Pitch Dark,2014,73%,U.S.A.,2.5
Pitch Dark,2014,73%,U.S.A.,3.25
Pitch Dark,2014,73%,U.S.A.,3.5
Pomm (aka Dead Dog),2012,76%,U.S.A.,2.5
Pomm (aka Dead Dog),2012,82%,U.S.A.,2.75
Potomac,2016,70%,U.S.A.,3.75
Potomac,2014,70%,U.S.A.,3.75
Potomac,2011,70%,U.S.A.,3.5
Potomac,2011,70%,U.S.A.,3
Potomac,2011,70%,U.S.A.,2.75
Potomac,2011,70%,U.S.A.,3.5
Potomac,2010,82%,U.S.A.,3.75
Pralus,2015,75%,France,3.25
Pralus,2011,75%,France,3.25
Pralus,2010,75%,France,3.5
Pralus,2009,75%,France,2
Pralus,2008,75%,France,3
Pralus,2008,100%,France,3
Pralus,2008,75%,France,2
Pralus,2008,75%,France,3.5
Pralus,2007,75%,France,4
Pralus,2006,75%,France,3
Pralus,2006,75%,France,3.5
Pralus,2006,75%,France,3.5
Pralus,2006,75%,France,3.5
Pralus,2006,75%,France,3.75
Pralus,2006,75%,France,3.5
Pralus,2006,75%,France,3.5
Pralus,2006,75%,France,4
Pralus,2006,75%,France,3
Pralus,2006,75%,France,3
Pralus,2006,75%,France,3.25
Pralus,2006,75%,France,3.5
Pralus,2006,80%,France,4
Pralus,2006,75%,France,3
Pralus,2006,75%,France,3
Pralus,2006,75%,France,3.5
Pump Street Bakery,2016,77%,U.K.,3.5
Pump Street Bakery,2015,70%,U.K.,3.5
Pump Street Bakery,2015,74%,U.K.,3.5
Pump Street Bakery,2015,80%,U.K.,2.75
Pump Street Bakery,2014,75%,U.K.,2.75
Pump Street Bakery,2014,75%,U.K.,3
Pump Street Bakery,2014,72%,U.K.,3.25
Pump Street Bakery,2014,85%,U.K.,2.75
Pura Delizia,2012,73%,Italy,2.75
Q Chocolate,2013,75%,Brazil,3.25
Q Chocolate,2013,85%,Brazil,3.5
Q Chocolate,2013,55%,Brazil,2.75
Q Chocolate,2013,80%,Brazil,3.25
Q Chocolate,2012,60%,Brazil,3
Q Chocolate,2012,65%,Brazil,3.25
Quetzalli (Wolter),2016,70%,Mexico,2.75
Quetzalli (Wolter),2016,74%,Mexico,3
Raaka,2016,70%,U.S.A.,3
Raaka,2015,75%,U.S.A.,2.75
Raaka,2012,75%,U.S.A.,3.25
Raaka,2011,85%,U.S.A.,3.5
Rain Republic,2010,70%,Guatemala,2.75
Rancho San Jacinto,2010,75%,Eucador,3
Ranger,2015,70%,U.S.A.,2.5
Ranger,2015,80%,U.S.A.,3.25
Ranger,2015,73%,U.S.A.,3.5
Raoul Boulanger,2016,75%,France,3.25
Raw Cocoa,2012,70%,Poland,2.5
Republica del Cacao (aka Confecta),2010,75%,Ecuador,3.25
Republica del Cacao (aka Confecta),2009,75%,Ecuador,2.5
Republica del Cacao (aka Confecta),2007,75%,Ecuador,3
Republica del Cacao (aka Confecta),2007,67%,Ecuador,3.5
Republica del Cacao (aka Confecta),2007,75%,Ecuador,3.75
Ritual,2016,75%,U.S.A.,3.75
Ritual,2015,85%,U.S.A.,3.5
Ritual,2015,70%,U.S.A.,3.5
Ritual,2013,75%,U.S.A.,3.75
Ritual,2013,75%,U.S.A.,3
Ritual,2012,75%,U.S.A.,4
Ritual,2012,75%,U.S.A.,3.25
Ritual,2012,75%,U.S.A.,3.5
Ritual,2011,75%,U.S.A.,3.5
Roasting Masters,2016,70%,South Korea,3.25
Roasting Masters,2016,70%,South Korea,3.25
Roasting Masters,2016,70%,South Korea,3.25
Robert (aka Chocolaterie Robert),2013,75%,Madagascar,3.25
Robert (aka Chocolaterie Robert),2013,68%,Madagascar,3.25
Rococo (Grenada Chocolate Co.),2012,66%,U.K.,3.5
Rogue,2016,75%,U.S.A.,3.75
Rogue,2015,70%,U.S.A.,3.75
Rogue,2015,75%,U.S.A.,3.25
Rogue,2014,80%,U.S.A.,3.75
Rogue,2013,70%,U.S.A.,3.5
Rogue,2013,70%,U.S.A.,3.5
Rogue,2013,75%,U.S.A.,4
Rogue,2013,75%,U.S.A.,3.75
Rogue,2012,75%,U.S.A.,3.75
Rogue,2011,75%,U.S.A.,3
Rogue,2010,75%,U.S.A.,3.75
Rogue,2009,70%,U.S.A.,3.5
Rogue,2008,70%,U.S.A.,2.75
Rogue,2008,70%,U.S.A.,2.75
Rogue,2008,70%,U.S.A.,2.75
Rogue,2008,70%,U.S.A.,3
Rozsavolgyi,2012,84%,Hungary,2.5
Rozsavolgyi,2012,76%,Hungary,2.25
Rozsavolgyi,2012,72%,Hungary,2.5
Rozsavolgyi,2011,73%,Hungary,3.5
Rozsavolgyi,2011,71%,Hungary,2.5
Rozsavolgyi,2011,70%,Hungary,3.5
Rozsavolgyi,2011,77%,Hungary,2.75
S.A.I.D.,2010,64%,Italy,3.5
S.A.I.D.,2010,100%,Italy,1.5
S.A.I.D.,2010,70%,Italy,3
S.A.I.D.,2010,72%,Italy,3.5
S.A.I.D.,2010,72%,Italy,3.5
Sacred,2012,83%,U.S.A.,2.75
Sacred,2012,69%,U.S.A.,3.25
Salgado,2008,70%,Argentina,3.5
Salgado,2008,70%,Argentina,3.5
Salgado,2008,70%,Argentina,3.5
Salgado,2008,70%,Argentina,3.5
Santander (Compania Nacional),2009,75%,Colombia,2.75
Santander (Compania Nacional),2009,70%,Colombia,3
Santander (Compania Nacional),2006,53%,Colombia,2
Santander (Compania Nacional),2006,65%,Colombia,3
Santander (Compania Nacional),2006,70%,Colombia,4
Santome,2011,70%,France,2.75
Scharffen Berger,2012,78%,U.S.A.,4
Scharffen Berger,2011,68%,U.S.A.,3.75
Scharffen Berger,2010,68%,U.S.A.,3.5
Scharffen Berger,2010,65%,U.S.A.,3.75
Scharffen Berger,2009,68%,U.S.A.,3.75
Scharffen Berger,2009,65%,U.S.A.,4
Scharffen Berger,2009,72%,U.S.A.,3.75
Scharffen Berger,2008,72%,U.S.A.,3
Scharffen Berger,2007,72%,U.S.A.,3
Scharffen Berger,2007,62%,U.S.A.,3
Scharffen Berger,2007,75%,U.S.A.,3.75
Scharffen Berger,2007,75%,U.S.A.,3
Scharffen Berger,2006,82%,U.S.A.,2
Scharffen Berger,2006,70%,U.S.A.,3.5
Scharffen Berger,2006,68%,U.S.A.,2
Scharffen Berger,2006,70%,U.S.A.,2
Scharffen Berger,2006,62%,U.S.A.,3
Seaforth,2015,70%,U.K.,2.75
Seaforth,2015,70%,U.K.,2.75
Shark Mountain,2015,72%,U.S.A.,3.25
Shark Mountain,2015,73%,U.S.A.,3.5
Shark Mountain,2015,77%,U.S.A.,2.75
Shark Mountain,2015,74%,U.S.A.,3.5
Shark Mountain,2014,75%,U.S.A.,3
Shark Mountain,2014,72%,U.S.A.,3.25
Shark's,2011,73%,U.S.A.,2
Shark's,2011,73%,U.S.A.,2.5
Shattel,2016,70%,Peru,3.25
Shattell,2011,75%,Peru,3.5
Sibu,2015,82%,Costa Rica,3.25
Sibu,2015,70%,Costa Rica,3.5
Sibu Sura,2012,70%,U.S.A.,2.5
Silvio Bessone,2011,67%,Italy,3
Silvio Bessone,2011,65%,Italy,3.25
Silvio Bessone,2011,60%,Italy,3.25
Silvio Bessone,2011,68%,Italy,3
Sirene,2016,73%,Canada,3.5
Sirene,2016,73%,Canada,3.5
Sirene,2016,73%,Canada,3.75
Sirene,2015,100%,Canada,3
Sirene,2015,100%,Canada,3
Sirene,2015,73%,Canada,3
Sirene,2015,73%,Canada,3.25
Sirene,2015,73%,Canada,3.25
Sirene,2014,67%,Canada,3.75
Sirene,2014,73%,Canada,3.75
Sirene,2014,73%,Canada,3.75
Sjolinds,2015,70%,U.S.A.,2.75
Sjolinds,2015,72%,U.S.A.,3
"Smooth Chocolator, The",2017,70%,Australia,3.5
"Smooth Chocolator, The",2016,70%,Australia,3.75
"Smooth Chocolator, The",2016,70%,Australia,4
"Smooth Chocolator, The",2016,70%,Australia,3.75
"Smooth Chocolator, The",2016,70%,Australia,3
"Smooth Chocolator, The",2016,67%,Australia,3.75
"Smooth Chocolator, The",2016,70%,Australia,3.25
"Smooth Chocolator, The",2015,65%,Australia,3.25
"Smooth Chocolator, The",2015,70%,Australia,3.5
"Smooth Chocolator, The",2015,67%,Australia,3.75
"Smooth Chocolator, The",2015,70%,Australia,3.75
"Smooth Chocolator, The",2015,72%,Australia,4
"Smooth Chocolator, The",2015,72%,Australia,2.75
"Smooth Chocolator, The",2015,65%,Australia,3.5
"Smooth Chocolator, The",2015,67%,Australia,3
"Smooth Chocolator, The",2015,70%,Australia,3.75
Snake & Butterfly,2011,67%,U.S.A.,1.5
Snake & Butterfly,2010,68%,U.S.A.,3
Snake & Butterfly,2010,68%,U.S.A.,3.25
Sol Cacao,2016,70%,U.S.A.,3.5
Sol Cacao,2015,72%,U.S.A.,3
Solkiki,2016,68%,U.K.,2.75
Solkiki,2016,85%,U.K.,2.75
Solomons Gold,2016,70%,New Zealand,3.25
Solomons Gold,2016,75%,New Zealand,3.25
Solstice,2014,70%,U.S.A.,3
Solstice,2013,70%,U.S.A.,3
Solstice,2013,70%,U.S.A.,3
Solstice,2013,70%,U.S.A.,3.25
Solstice,2013,70%,U.S.A.,3.25
Solstice,2013,70%,U.S.A.,3.5
Soma,2016,62%,Canada,3.5
Soma,2016,70%,Canada,3.5
Soma,2016,70%,Canada,3.5
Soma,2016,75%,Canada,3.75
Soma,2016,70%,Canada,3.75
Soma,2016,70%,Canada,4
Soma,2016,70%,Canada,3.25
Soma,2015,70%,Canada,3.5
Soma,2015,75%,Canada,4
Soma,2014,70%,Canada,3.5
Soma,2014,70%,Canada,3.75
Soma,2014,70%,Canada,3.25
Soma,2014,80%,Canada,3.5
Soma,2014,70%,Canada,3.75
Soma,2014,70%,Canada,3.25
Soma,2013,77%,Canada,3.75
Soma,2013,70%,Canada,3.25
Soma,2013,70%,Canada,2.75
Soma,2013,70%,Canada,3.75
Soma,2013,70%,Canada,3.25
Soma,2013,70%,Canada,3.75
Soma,2013,88%,Canada,4
Soma,2013,70%,Canada,4
Soma,2013,67%,Canada,4
Soma,2013,70%,Canada,3.25
Soma,2013,70%,Canada,4
Soma,2012,70%,Canada,3.25
Soma,2012,70%,Canada,3.75
Soma,2012,70%,Canada,4
Soma,2012,70%,Canada,4
Soma,2012,70%,Canada,3.5
Soma,2012,70%,Canada,3.75
Soma,2012,70%,Canada,3.5
Soma,2012,85%,Canada,3.5
Soma,2011,70%,Canada,2.75
Soma,2011,70%,Canada,3.5
Soma,2011,64%,Canada,4
Soma,2011,70%,Canada,4
Soma,2011,70%,Canada,3.75
Soma,2011,70%,Canada,3.5
Soma,2010,70%,Canada,3.75
Soma,2009,70%,Canada,3
Soma,2009,70%,Canada,3.5
Soma,2009,70%,Canada,3
Soma,2009,70%,Canada,3.5
Soma,2009,70%,Canada,3.75
Soma,2009,70%,Canada,3.75
Somerville,2014,70%,U.S.A.,3.25
Somerville,2014,70%,U.S.A.,3.5
Soul,2017,70%,Canada,3.25
Soul,2017,70%,Canada,3.5
Soul,2017,75%,Canada,3.5
Soul,2017,75%,Canada,3.25
Soul,2017,77%,Canada,3.25
Soul,2017,80%,Canada,3.5
Spagnvola,2012,70%,U.S.A.,3
Spagnvola,2012,80%,U.S.A.,3
Spagnvola,2012,75%,U.S.A.,3.25
Spencer,2017,70%,U.S.A.,3.75
Spencer,2017,70%,U.S.A.,3.5
Spencer,2017,70%,U.S.A.,2.75
Spencer,2016,70%,Australia,3.5
Spencer,2016,70%,Australia,3.75
Spencer,2016,70%,Australia,3.75
Spencer,2014,72%,Australia,2.75
Sprungli (Felchlin),2013,70%,Switzerland,3
SRSLY,2013,70%,U.S.A.,3
SRSLY,2013,84%,U.S.A.,2.25
Starchild,2015,70%,U.S.A.,3
Starchild,2015,70%,U.S.A.,3
Starchild,2015,70%,U.S.A.,3
Starchild,2015,70%,U.S.A.,3
Starchild,2015,70%,U.S.A.,3
Stella (aka Bernrain),2012,68%,Switzerland,2.75
Stella (aka Bernrain),2011,72%,Switzerland,3.25
Stone Grindz,2014,84%,U.S.A.,3.5
Stone Grindz,2014,70%,U.S.A.,3.5
StRita Supreme,2012,65%,U.S.A.,2.5
StRita Supreme,2012,70%,U.S.A.,2.5
StRita Supreme,2012,75%,U.S.A.,2.75
Sublime Origins,2013,67%,U.S.A.,2.75
Sublime Origins,2013,78%,U.S.A.,3.25
Summerbird,2016,61%,Denmark,2.5
Summerbird,2016,71%,Denmark,3
Suruca Chocolate,2016,70%,Venezuela,2.75
Suruca Chocolate,2016,60%,Venezuela,3
Svenska Kakaobolaget,2015,70%,Sweden,2.75
Szanto Tibor,2015,70%,Hungary,3.25
Szanto Tibor,2015,88%,Hungary,3.25
Szanto Tibor,2015,70%,Hungary,3.25
Szanto Tibor,2015,70%,Hungary,3.75
Szanto Tibor,2015,70%,Hungary,3.25
Szanto Tibor,2015,70%,Hungary,3.5
Szanto Tibor,2014,70%,Hungary,3.5
Szanto Tibor,2014,70%,Hungary,3.75
Szanto Tibor,2013,70%,Hungary,3.5
Szanto Tibor,2013,70%,Hungary,3.5
Szanto Tibor,2013,70%,Hungary,3.25
Szanto Tibor,2012,70%,Hungary,3.25
Szanto Tibor,2012,70%,Hungary,3.25
Szanto Tibor,2012,70%,Hungary,3.75
Szanto Tibor,2011,70%,Hungary,3
Tabal,2013,70%,U.S.A.,2.75
Tabal,2013,70%,U.S.A.,2.75
Tabal,2013,70%,U.S.A.,2.5
Tabal,2013,70%,U.S.A.,3
Tablette (aka Vanillabeans),2015,70%,Japan,3
Tablette (aka Vanillabeans),2015,62%,Japan,3.25
Tablette (aka Vanillabeans),2015,60%,Japan,3.25
Tablette (aka Vanillabeans),2015,77%,Japan,2.75
Tan Ban Skrati,2016,70%,Suriname,3.25
Taza,2014,68%,U.S.A.,3
Taza,2011,87%,U.S.A.,3.25
Taza,2009,75%,U.S.A.,2.75
Taza,2007,70%,U.S.A.,3
TCHO,2016,62%,U.S.A.,2
TCHO,2012,99%,U.S.A.,3.25
TCHO,2009,60%,U.S.A.,2.75
TCHO,2009,68%,U.S.A.,3
TCHO,2008,70%,U.S.A.,2.5
TCHO,2008,70%,U.S.A.,2.5
TCHO,2008,70%,U.S.A.,2.75
TCHO,2008,70%,U.S.A.,2.5
Tejas,2012,70%,U.S.A.,2.75
Tejas,2012,70%,U.S.A.,3
Tejas,2012,70%,U.S.A.,3
Tejas,2012,70%,U.S.A.,3.5
Tejas,2012,70%,U.S.A.,3.25
Tejas,2012,70%,U.S.A.,2
Tejas,2012,70%,U.S.A.,3.25
Tejas,2012,70%,U.S.A.,2.75
Tejas,2012,70%,U.S.A.,3
Tejas,2012,70%,U.S.A.,3.25
Tejas,2012,70%,U.S.A.,2.75
Tejas,2012,80%,U.S.A.,3
Tejas,2012,67%,U.S.A.,3.25
Tejas,2012,70%,U.S.A.,3.5
Terroir,2015,70%,U.S.A.,2.75
Terroir,2015,70%,U.S.A.,3.75
Terroir,2015,70%,U.S.A.,3.75
Terroir,2015,70%,U.S.A.,3.25
Terroir,2015,70%,U.S.A.,3.5
Terroir,2015,70%,U.S.A.,3.75
Terroir,2014,77%,U.S.A.,3.25
Terroir,2014,67%,U.S.A.,3.75
Terroir,2014,73%,U.S.A.,3.75
The Barn,2015,70%,Sweden,3
Theo,2012,65%,U.S.A.,3.25
Theo,2007,65%,U.S.A.,3.5
Theo,2007,75%,U.S.A.,2.5
Theo,2007,84%,U.S.A.,3
Theo,2007,91%,U.S.A.,2
Theo,2007,75%,U.S.A.,3
Theobroma,2015,70%,Japan,3.25
Timo A. Meyer,2016,72%,Germany,3.75
To'ak (Ecuatoriana),2014,81%,Ecuador,3.25
Tobago Estate (Pralus),2012,70%,France,4
Tocoti,2012,77%,U.S.A.,3
Tocoti,2011,72%,U.S.A.,2.75
Tocoti,2011,74%,U.S.A.,3
Treehouse,2014,72%,U.S.A.,3
Tsara (Cinagra),2011,72%,Madagascar,3.5
twenty-four blackbirds,2015,75%,U.S.A.,2.75
twenty-four blackbirds,2015,75%,U.S.A.,3.5
twenty-four blackbirds,2014,75%,U.S.A.,3.5
twenty-four blackbirds,2013,68%,U.S.A.,3.25
twenty-four blackbirds,2013,75%,U.S.A.,2.5
twenty-four blackbirds,2011,73%,U.S.A.,2.75
Two Ravens,2016,60%,U.S.A.,3
Un Dimanche A Paris,2011,63%,France,3.75
Undone,2014,74%,U.S.A.,2.75
Undone,2014,70%,U.S.A.,3
Upchurch,2016,72%,U.S.A.,3
Upchurch,2016,72%,U.S.A.,3.25
Urzi,2014,65%,Italy,3.25
Valrhona,2015,63%,France,4
Valrhona,2013,70%,France,3.5
Valrhona,2013,64%,France,3.5
Valrhona,2012,69%,France,4
Valrhona,2011,56%,France,3.25
Valrhona,2011,64%,France,4
Valrhona,2009,64%,France,3.75
Valrhona,2009,66%,France,3.75
Valrhona,2009,68%,France,3.5
Valrhona,2007,72%,France,3
Valrhona,2007,65%,France,3.75
Valrhona,2007,64%,France,4
Valrhona,2007,85%,France,1.5
Valrhona,2007,85%,France,2.5
Valrhona,2007,71%,France,2.75
Valrhona,2007,64%,France,3.25
Valrhona,2006,66%,France,3
Valrhona,2006,70%,France,4
Valrhona,2006,64%,France,2.5
Valrhona,2006,64%,France,3
Valrhona,2006,64%,France,3.5
Vanleer (Barry Callebaut),2012,72%,U.S.A.,2.5
Vanleer (Barry Callebaut),2012,65%,U.S.A.,2.75
Vao Vao (Chocolaterie Robert),2009,72%,Madagascar,2.75
Vao Vao (Chocolaterie Robert),2009,76%,Madagascar,2.75
Vao Vao (Chocolaterie Robert),2009,80%,Madagascar,2.75
Vao Vao (Chocolaterie Robert),2009,70%,Madagascar,3
Vao Vao (Chocolaterie Robert),2009,68%,Madagascar,3
Vao Vao (Chocolaterie Robert),2009,64%,Madagascar,3.25
Vicuna,2015,70%,U.S.A.,3.25
Vicuna,2015,70%,U.S.A.,3.25
Videri,2014,90%,U.S.A.,3.25
Videri,2014,75%,U.S.A.,3.5
Videri,2014,75%,U.S.A.,3.5
Videri,2013,90%,U.S.A.,3.75
Videri,2012,70%,U.S.A.,3.25
Vietcacao (A. Morin),2012,70%,France,3.5
Vintage Plantations,2014,75%,U.S.A.,3
Vintage Plantations (Tulicorp),2007,100%,U.S.A.,2
Vintage Plantations (Tulicorp),2007,90%,U.S.A.,2
Vintage Plantations (Tulicorp),2007,75%,U.S.A.,3
Vintage Plantations (Tulicorp),2007,65%,U.S.A.,3
Violet Sky,2015,77%,U.S.A.,2.75
Violet Sky,2015,77%,U.S.A.,3
Violet Sky,2015,77%,U.S.A.,3
Violet Sky,2015,77%,U.S.A.,3.25
Violet Sky,2015,77%,U.S.A.,2.75
Vivra,2016,70%,U.S.A.,2.5
Vivra,2016,70%,U.S.A.,2.5
Vivra,2016,70%,U.S.A.,3
Wellington Chocolate Factory,2016,70%,New Zealand,3.5
Wellington Chocolate Factory,2016,70%,New Zealand,3.5
Whittakers,2011,72%,New Zealand,2.5
Wilkie's Organic,2013,75%,Ireland,2.5
Wilkie's Organic,2013,89%,Ireland,2.75
Wilkie's Organic,2013,75%,Ireland,3.25
Wilkie's Organic,2013,75%,Ireland,2.75
Willie's Cacao,2016,70%,U.K.,4
Willie's Cacao,2014,88%,U.K.,3
Willie's Cacao,2013,100%,U.K.,2.25
Willie's Cacao,2010,71%,U.K.,3
Willie's Cacao,2010,72%,U.K.,3.5
Willie's Cacao,2010,69%,U.K.,3.75
Willie's Cacao,2009,70%,U.K.,3
Willie's Cacao,2009,72%,U.K.,3.25
Wm,2016,74%,U.S.A.,3
Wm,2016,76%,U.S.A.,3.5
Wm,2016,75%,U.S.A.,3.75
Woodblock,2014,70%,U.S.A.,3
Woodblock,2013,70%,U.S.A.,3.25
Woodblock,2013,70%,U.S.A.,3.5
Woodblock,2012,70%,U.S.A.,2.5
Woodblock,2012,70%,U.S.A.,3
Woodblock,2012,70%,U.S.A.,3.25
Woodblock,2011,70%,U.S.A.,4
Woodblock,2011,70%,U.S.A.,3.5
Xocolat,2013,66%,Domincan Republic,3
Xocolla,2017,70%,U.S.A.,2.75
Xocolla,2017,70%,U.S.A.,2.5
Zak's,2015,70%,U.S.A.,3
Zak's,2015,70%,U.S.A.,3.25
Zak's,2015,70%,U.S.A.,3.25
Zak's,2015,70%,U.S.A.,3.25
Zak's,2015,70%,U.S.A.,3.5
Zak's,2015,60%,U.S.A.,3
Zart Pralinen,2016,70%,Austria,3.5
Zart Pralinen,2016,70%,Austria,2.75
Zart Pralinen,2016,85%,Austria,2.75
Zart Pralinen,2016,85%,Austria,3
Zart Pralinen,2016,70%,Austria,3.5
Zart Pralinen,2016,78%,Austria,3.5
Zokoko,2016,78%,Australia,3.75
Zokoko,2016,65%,Australia,3.25
Zokoko,2011,68%,Australia,3.5
Zokoko,2011,66%,Australia,3.5
Zokoko,2011,72%,Australia,3.75
Zotter,2014,80%,Austria,2.75
Zotter,2012,72%,Austria,3.5
Zotter,2012,65%,Austria,3.5
Zotter,2012,70%,Austria,3
Zotter,2012,70%,Austria,3.5
Zotter,2012,62%,Austria,3.75
Zotter,2012,75%,Austria,3
Zotter,2012,75%,Austria,3
Zotter,2012,90%,Austria,3.25
Zotter,2012,70%,Austria,3.75
Zotter,2012,68%,Austria,3.25
Zotter,2012,58%,Austria,3.5
Zotter,2011,70%,Austria,3.75
Zotter,2011,65%,Austria,3
Zotter,2011,65%,Austria,3.5
Zotter,2011,62%,Austria,3.25
Zotter,2010,65%,Austria,3
